<?xml version="1.0" encoding="UTF-8"?>
<!-- ATTENTION - THIS IS AN AUTOMATICALLY GENERATED FILE -->
<!-- Manual changes can cause severe problems and system instability -->
<!-- Apply manual changes only if you have received explicit instructions from Dynatrace Support -->
<dynatrace version="6.5.0.1289">
  <client memento.version="6.5.0.1289" uploadinterval="600">
    <directories>
      <directory path="C:\Users\arnaud.crowther\.dynaTrace\Dynatrace 6.5\log\client" id="logging" />
      <directory path="C:\Users\arnaud.crowther\.dynaTrace\Dynatrace 6.5\client\reports" id="reports" />
      <directory path="C:\Users\arnaud.crowther\.dynaTrace\Dynatrace 6.5\client\sessions\offline" id="offlinesessions" />
      <directory path="C:\Users\arnaud.crowther\.dynaTrace\Dynatrace 6.5\client\conf\dashboards" id="dashboards" />
      <directory path="C:\Users\arnaud.crowther\.dynaTrace\Dynatrace 6.5\client\temp" id="tempdirectory" />
    </directories>
    <settings imagescalingenabled="true" firstname="" checkforplugins="true" notifyevent="true" company="" registrationcode="" email="" lastname="">
      <setting output="plain" console="INFO" maxfiles="5" level="INFO" id="logging" append="true" />
      <setting port="30698" host="127.0.0.1" id="ideintegration" />
      <setting defaultffprofile="false" id="externaltools" />
      <setting httpaddress="" httpssl="false" httpport="8030" id="webservice" httpsaddress="" httpenabled="true" httpsport="8031" />
      <setting proxyauthpassword="" proxyport="-1" proxyaddress="" proxyenabled="false" id="proxy" proxyauthenabled="false" proxyauthusername="" />
      <setting mobileagentpath="" id="uemwizard" />
    </settings>
    <dashboards />
    <images version="6.5.0.1275" />
    <serverhealthcomponent notificationcenterenabled="true" />
    <pde basedir="C:\Users\arnaud.crowther\Desktop" limits="100:100:20971520:50:50:200">
      <pluginproject testhost="" builddate="1483561084806" directory="C:\Users\arnaud.crowther\Desktop\SlackChat_(1)" />
    </pde>
  </client>
  <servers memento.version="6.5.0.1289">
    <connection proxyport="8080" useproxyauth="false" address="localhost" proxyusername="" compress="true" proxyaddress="" proxyauthpreemptive="true" useproxy="false" clientallowsavecredentials="true" autoconnect="true" userid="admin" proxypassword="" enabled="true" proxyautodetect="false" password="JQErOwjLE1AdsPzyfWX4so1h7m9QxGpT3T6S8SSLwgk=" expanded="true" tunnelled="false" port="2021" checkforplugins="true" servername="tag00944955658" rememberpassword="true" tunnel="http://localhost:8023/tunnel" height="0" />
  </servers>
</dynatrace>
