<?xml version="1.0" encoding="UTF-8"?>
<!-- ATTENTION - THIS IS AN AUTOMATICALLY GENERATED FILE -->
<!-- Manual changes can cause severe problems and system instability -->
<!-- Apply manual changes only if you have received explicit instructions from Dynatrace Support -->
<dynatrace version="6.5.0.1289" date="12/22/16 12:48 PM">
  <dashboardconfig memento.version="6.5.0.1289" suppresssavewarning="false" created="2011-03-07T08:23:19-0600" sessiontype="live" icon="com.dynatrace.diagnostics.sdk/default.gif" description="This dashboard shows information about Service Level Agreements for response time of bookings, login and search operations." modifiedbyname="admin" locationascomparesource="false" sessionid="easyTravel" opendrilldowninnewdashboard="true" groupname="" autoreplacesession="false" revision="00000159-27dd-1468-b339-93d3c40b06d5" locationassource="true" localizationenabled="false" name="easyTravel SLA Compliance" authorname="dynaTrace" modified="2016-12-22T12:48:37-0600" id="ce978c8c-6cf8-42b1-b3f2-b9f573f63324">
    <reportconfig print.images="true" formatpdf="com.dynatrace.diagnostics.report.velocity.format.pdfrenderer" orientation="portrait" description="" title="" type="HTML" enabled="true" formathtml="com.dynatrace.diagnostics.report.velocity.format.htmlrenderer" lines.per.table="100" pagesize="A4" override="false" optimizeequalcolumns="true" print.legends="true" levels.per.tree="10" />
    <filter>
      <criterion type="admfilteranalyzer" />
      <criterion mode="all" type="agents" completepurepath="true">
        <textpattern name="agentname" type="contains" enabled="true" />
        <textpattern name="agenthost" type="contains" enabled="true" />
      </criterion>
      <criterion type="and" />
      <criterion mode="all" excludeexternalsubpaths="false" type="api" />
      <criterion mode="all" type="applications" />
      <criterion type="btm" />
      <criterion type="casuemdimension" />
      <criterion type="dbdetails" />
      <criterion intervalend="0" intervalstart="0" type="dcrumdimension" filterinterval="false" />
      <criterion analyzeserverpath="true" analyzeclienterrors="false" isactive="true" analyzeenduserpath="true" type="enduserpath" />
      <criterion mode="all" type="hosts" completepurepath="true" />
      <criterion severitiesmode="all" statesmode="all" type="incident" rulesmode="all" severities="" states="" />
      <criterion type="or" />
      <criterion mode="all" enduser="false" type="purepaths" />
      <criterion includemeasurename="true" includeplatform="true" includetestname="true" teststatus="FAILED,INVALIDATED,VOLATILE,DEGRADED,IMPROVED,MISSING,passed" type="tests" testcategory="UNIT,BROWSER_TIMER,BROWSER_AUTO_TIMER,PERFORMANCE,LOAD,WEB_API,EXTERNAL" />
      <criterion includeplatform="true" type="testsoverview" />
      <criterion type="threads" enabled="false" filterbyid="false" />
      <criterion type="timeframe">
        <timeframe type="Last 30min" />
      </criterion>
      <criterion useendtimefortimeframefilter="false" type="visits">
        <visitidset />
      </criterion>
      <criterion type="webpage">
        <textpattern name="timerName" type="contains" enabled="true" />
        <textpattern name="pageContext" type="contains" enabled="true" />
      </criterion>
      <criterion type="webrequest">
        <filteruripattern>
          <stringmatchpattern match="contains" text="" />
        </filteruripattern>
        <filterquerypattern>
          <stringmatchpattern match="contains" text="" />
        </filterquerypattern>
      </criterion>
    </filter>
    <autorefreshconfig unit="MINUTES" time="5" enabled="true" />
    <designconfig autoscroll="false" namefontsize="10" descriptionshow="false" headertype="CUSTOM" nameshow="true" descriptionfontstyle="NORMAL" namealignment="CENTER" namefontstyle="BOLD" descriptionfontsize="8" clienttheme="DEFAULT" descriptionfontcolor="128,128,128" descriptionalignment="CENTER" autoadjustfontsizes="false" />
    <dashboardlayout>
      <portletfolder selectionindex="0" relationtype="LEFT" portletconfigorder="c81758c9-7d85-4276-aaa5-f1f2806e8dc5" folderid="org.eclipse.ui.internal.ViewStack@930330" relatedfolderid="DashboardLayout.blankArea" ratio="0.95">
        <designconfig namefontsize="10" descriptionshow="false" headertype="CUSTOM" nameshow="true" descriptionfontstyle="NORMAL" namealignment="CENTER" namefontstyle="BOLD" descriptionfontsize="8" inherited="true" descriptionfontcolor="128,128,128" descriptionalignment="CENTER" />
      </portletfolder>
      <portletfolder selectionindex="0" relationtype="BOTTOM" portletconfigorder="8d983f8f-79cf-417b-9460-7fc605b4cf74" folderid="org.eclipse.ui.internal.ViewStack@6c06c4" relatedfolderid="org.eclipse.ui.internal.ViewStack@930330" ratio="0.3443787">
        <designconfig namefontsize="10" descriptionshow="true" headertype="DEFAULT" nameshow="true" descriptionfontstyle="NORMAL" namealignment="CENTER" namefontstyle="BOLD" descriptionfontsize="8" inherited="true" descriptionfontcolor="128,128,128" descriptionalignment="CENTER" />
      </portletfolder>
      <portletfolder selectionindex="-1" relationtype="BOTTOM" portletconfigorder="" isplaceholder="true" folderid="org.eclipse.ui.internal.ViewStack@557afc" relatedfolderid="org.eclipse.ui.internal.ViewStack@6c06c4" ratio="0.49458483">
        <designconfig namefontsize="10" descriptionshow="true" headertype="DEFAULT" nameshow="true" descriptionfontstyle="NORMAL" namealignment="CENTER" namefontstyle="BOLD" descriptionfontsize="8" inherited="true" descriptionfontcolor="128,128,128" descriptionalignment="CENTER" />
      </portletfolder>
      <portletfolder selectionindex="0" relationtype="RIGHT" portletconfigorder="005c7773-b699-4c51-a0a6-1c4f2a0f4bc8" folderid="org.eclipse.ui.internal.ViewStack@ab1158" relatedfolderid="org.eclipse.ui.internal.ViewStack@557afc" ratio="0.49544072">
        <designconfig namefontsize="10" descriptionshow="true" headertype="DEFAULT" nameshow="true" descriptionfontstyle="NORMAL" namealignment="CENTER" namefontstyle="BOLD" descriptionfontsize="8" inherited="true" descriptionfontcolor="128,128,128" descriptionalignment="CENTER" />
      </portletfolder>
      <portletfolder selectionindex="0" relationtype="RIGHT" portletconfigorder="4ae918e8-94d8-49ce-b8f4-846461a4ecd7" folderid="org.eclipse.ui.internal.ViewStack@18e0272" relatedfolderid="org.eclipse.ui.internal.ViewStack@ab1158" ratio="0.25270757">
        <designconfig namefontsize="10" descriptionshow="true" headertype="DEFAULT" nameshow="true" descriptionfontstyle="NORMAL" namealignment="CENTER" namefontstyle="BOLD" descriptionfontsize="8" inherited="true" descriptionfontcolor="128,128,128" descriptionalignment="CENTER" />
      </portletfolder>
      <portletfolder selectionindex="0" relationtype="RIGHT" portletconfigorder="1ac7a8ea-15dd-4f3b-a864-aa1eea517722" folderid="org.eclipse.ui.internal.ViewStack@1e90c5c" relatedfolderid="org.eclipse.ui.internal.ViewStack@18e0272" ratio="0.31976745">
        <designconfig namefontsize="10" descriptionshow="true" headertype="DEFAULT" nameshow="true" descriptionfontstyle="NORMAL" namealignment="CENTER" namefontstyle="BOLD" descriptionfontsize="8" inherited="true" descriptionfontcolor="128,128,128" descriptionalignment="CENTER" />
      </portletfolder>
      <portletfolder selectionindex="0" relationtype="RIGHT" portletconfigorder="f0c11eb8-2581-4136-ba40-3e83641d1fd7" folderid="org.eclipse.ui.internal.ViewStack@1af3917" relatedfolderid="org.eclipse.ui.internal.ViewStack@6c06c4" ratio="0.49924126">
        <designconfig namefontsize="10" descriptionshow="true" headertype="DEFAULT" nameshow="true" descriptionfontstyle="NORMAL" namealignment="CENTER" namefontstyle="BOLD" descriptionfontsize="8" inherited="true" descriptionfontcolor="128,128,128" descriptionalignment="CENTER" />
      </portletfolder>
      <portletfolder selectionindex="0" relationtype="RIGHT" portletconfigorder="a78e4a49-b882-4ec3-8cb2-ca1bf303cdfb" folderid="org.eclipse.ui.internal.ViewStack@1a5bb08" relatedfolderid="org.eclipse.ui.internal.ViewStack@6c06c4" ratio="0.5">
        <designconfig namefontsize="10" descriptionshow="true" headertype="DEFAULT" nameshow="true" descriptionfontstyle="NORMAL" namealignment="CENTER" namefontstyle="BOLD" descriptionfontsize="8" inherited="true" descriptionfontcolor="128,128,128" descriptionalignment="CENTER" />
      </portletfolder>
      <portletfolder selectionindex="0" relationtype="RIGHT" portletconfigorder="ccd03588-d856-4c12-bedb-279c66fc7b16" folderid="org.eclipse.ui.internal.ViewStack@1451642" relatedfolderid="org.eclipse.ui.internal.ViewStack@930330" ratio="0.49924126">
        <designconfig namefontsize="10" descriptionshow="true" headertype="DEFAULT" nameshow="true" descriptionfontstyle="NORMAL" namealignment="CENTER" namefontstyle="BOLD" descriptionfontsize="8" inherited="true" descriptionfontcolor="128,128,128" descriptionalignment="CENTER" />
      </portletfolder>
      <portletfolder selectionindex="0" relationtype="RIGHT" portletconfigorder="d0819bfa-4012-4c58-a56f-32ded4874229" folderid="org.eclipse.ui.internal.ViewStack@64aeb6" relatedfolderid="org.eclipse.ui.internal.ViewStack@930330" ratio="0.5">
        <designconfig namefontsize="10" descriptionshow="true" headertype="DEFAULT" nameshow="true" descriptionfontstyle="NORMAL" namealignment="CENTER" namefontstyle="BOLD" descriptionfontsize="8" inherited="true" descriptionfontcolor="128,128,128" descriptionalignment="CENTER" />
      </portletfolder>
    </dashboardlayout>
    <portletconfig showabsolutevalues="false" usedashboardsourceforcompare="true" usespecificautorefresh="false" sessiontype="live" lastvalue="false" icon="com.dynatrace.diagnostics.sdk/default.gif" description="" locationascomparesource="false" sessionid="easyTravel" usedashboardsource="true" folderid="org.eclipse.ui.internal.ViewStack@6c06c4" locationassource="true" addfilterinfo="false" name="Search SLA Compliance" ismaster="false" typeid="com.dynatrace.diagnostics.portlets.chart.Chart" id="8d983f8f-79cf-417b-9460-7fc605b4cf74">
      <reportconfig print.images="true" lines.per.table="100" override="false" optimizeequalcolumns="true" print.legends="true" reportposition="4" enabled="true" levels.per.tree="10" />
      <filter>
        <criterion mode="all" type="agents" completepurepath="true">
          <textpattern name="agentname" type="contains" enabled="true" />
          <textpattern name="agenthost" type="contains" enabled="true" />
        </criterion>
        <criterion mode="all" type="applications" />
        <criterion type="btm" />
        <criterion mode="all" type="hosts" completepurepath="true" />
        <criterion type="timeframe">
          <timeframe type="Last 30min" />
        </criterion>
        <criterion useendtimefortimeframefilter="false" type="visits">
          <visitidset />
        </criterion>
        <inheritancemap />
      </filter>
      <autorefreshconfig unit="MINUTES" time="5" enabled="true" />
      <sashconfig displayoption="CHART" weights="500,500" />
      <datamodelconfig>
        <chart axis.x.title="" axis.y.title.show="true" showtooltips="true" bounds.y.enabled="false" showvalues="false" showtitle="false" logxaxis="false" title="" resolution="Auto" axis.x.show="true" maxsplitcharts="10" showname="true" bounds.y.lower="0.0" maxdisplayitems="10" zoomable="true" charttype="TrafficLightChart" aggregation.absolute="false" showheatfield="true" axis.y.show="true" isentitymarkable="false" orientation="Horizontal" yaxisalignment="0" legendposition="Bottom" axis.x.title.show="true" axis.y.title="" splitcharts="true" limititems="false" bounds.y.upper="5000.0" showlegend="false" lockyaxis="true" showlabels="true">
          <legendcomposition agent="true" measure="true" host="true">
            <pielabelcomposition agent="true" measure="true" host="true" value="true" />
          </legendcomposition>
          <chartsource systemid="easyTravel" sourcecolor="RGB(192,0,128,255)" dynamicconfig="true" fetchthreshold="false" scale="0" sessionid="easyTravel" groupingcriterion="" aggregationtype="Avg" rate="10s" sourcetype="MEASURE" id="aa840a46-8012-310b-8b76-0826df9d517c" ratesupported="true" displayrate="10s" visible="true" autounit="false" sessiontype="live" fetch.dynamic.measures="false" autoscale="false" measuretype="TransactionMeasure" fetchbaseline="false" unit="ms" name="easyTravel Trip Search by User [user12]" groupingvalue="" overridesource="false" fetchmeasurecolor="true" position="-1" uiunit="ms">
            <lightweightuniquemeasureidentifier systemid="easyTravel" application="" parentkeyid="easyTravel Trip Search by User" agentname="-" agenthost="-" metrickeyid="Value" keyid="easyTravel Trip Search by User [user12]" metricgroupkey="Business Transaction Results" collector="" measuretype="TransactionMeasure" />
            <displaysourceinfo measureunit="ms" agentname="-" agenthost="-" agentgroup="&lt;all-agents&gt;" transactionname="easyTravel Trip Search by User [user12]" measurerate="purepath" />
          </chartsource>
          <chartsource systemid="easyTravel" sourcecolor="RGB(192,0,128,255)" dynamicconfig="true" fetchthreshold="false" scale="0" sessionid="easyTravel" groupingcriterion="" aggregationtype="Avg" rate="10s" sourcetype="MEASURE" id="6848e2be-4282-3b83-b278-f99c8ae29733" ratesupported="true" displayrate="10s" visible="true" autounit="false" sessiontype="live" fetch.dynamic.measures="false" autoscale="false" measuretype="TransactionMeasure" fetchbaseline="false" unit="ms" name="easyTravel Trip Search by User [user8]" groupingvalue="" overridesource="false" fetchmeasurecolor="true" position="-1" uiunit="ms">
            <lightweightuniquemeasureidentifier systemid="easyTravel" application="" parentkeyid="easyTravel Trip Search by User" agentname="-" agenthost="-" metrickeyid="Value" keyid="easyTravel Trip Search by User [user8]" metricgroupkey="Business Transaction Results" collector="" measuretype="TransactionMeasure" />
            <displaysourceinfo measureunit="ms" agentname="-" agenthost="-" agentgroup="&lt;all-agents&gt;" transactionname="easyTravel Trip Search by User [user8]" measurerate="purepath" />
          </chartsource>
          <chartsource systemid="easyTravel" sourcecolor="RGB(192,0,128,255)" dynamicconfig="true" fetchthreshold="false" scale="0" sessionid="easyTravel" groupingcriterion="" aggregationtype="Avg" rate="10s" sourcetype="MEASURE" id="70ac6d90-e281-335a-aa7e-420b5416a335" ratesupported="true" displayrate="10s" visible="true" autounit="false" sessiontype="live" fetch.dynamic.measures="false" autoscale="false" measuretype="TransactionMeasure" fetchbaseline="false" unit="ms" name="easyTravel Trip Search by User []" groupingvalue="" overridesource="false" fetchmeasurecolor="true" position="-1" uiunit="ms">
            <lightweightuniquemeasureidentifier systemid="easyTravel" application="" parentkeyid="easyTravel Trip Search by User" agentname="-" agenthost="-" metrickeyid="Value" keyid="easyTravel Trip Search by User []" metricgroupkey="Business Transaction Results" collector="" measuretype="TransactionMeasure" />
            <displaysourceinfo measureunit="ms" agentname="-" agenthost="-" agentgroup="&lt;all-agents&gt;" transactionname="easyTravel Trip Search by User []" measurerate="purepath" />
          </chartsource>
          <chartsource systemid="easyTravel" sourcecolor="RGB(192,0,128,255)" dynamicconfig="false" fetchthreshold="true" scale="0" sessionid="easyTravel" groupingcriterion="" colorinheritancemode="parent" aggregationtype="Max" rate="10s" sourcetype="MEASURE" id="7d44b5a4-c398-416e-a1aa-b7f74bc3741d" ratesupported="true" displayrate="10s" visible="true" autounit="false" sessiontype="live" fetch.dynamic.measures="false" autoscale="false" measuretype="TransactionMeasure" fetchbaseline="false" unit="ms" name="easyTravel Trip Search" groupingvalue="" overridesource="true" fetchmeasurecolor="false" position="1" uiunit="ms">
            <lightweightuniquemeasureidentifier systemid="easyTravel" application="" parentkeyid="easyTravel Trip Search" agentname="" metricsimpledisplayname="" agenthost="" metrickeyid="Value" keyid="easyTravel Trip Search" metricgroupkey="Business Transaction Results" collector="" measuretype="TransactionMeasure" />
            <displaysourceinfo measureunit="ms" agentname="" agenthost="" agentgroup="&lt;all-agents&gt;" transactionname="easyTravel Trip Search" measurerate="purepath" />
          </chartsource>
          <splitconfig splitlayout="Horizontal" splitmode="PerSeries" />
        </chart>
        <table structuremode="measureHierarchy" sortcolumn="0" drawcolumn="-1" columnorder="0,1,2,3,4,5,6,7,8,9,10,11,12,13,14,15,16,17,18,19">
          <column forcevisible="false" hidden="false" width="293" index="0" sort="Up" />
          <column forcevisible="false" hidden="false" width="100" index="1" sort="None" />
          <column forcevisible="false" hidden="false" width="100" index="2" sort="None" />
          <column forcevisible="false" hidden="false" width="25" index="3" sort="None" />
          <column forcevisible="false" hidden="false" width="100" index="4" sort="None" />
          <column forcevisible="false" hidden="false" width="100" index="5" sort="None" />
          <column forcevisible="false" hidden="false" width="50" index="6" sort="None" />
          <column forcevisible="false" hidden="false" width="75" index="7" sort="None" />
          <column forcevisible="false" hidden="false" width="75" index="8" sort="None" />
          <column forcevisible="false" hidden="false" width="75" index="9" sort="None" />
          <column forcevisible="false" hidden="false" width="75" index="10" sort="None" />
          <column forcevisible="false" hidden="true" width="75" index="11" sort="None" />
          <column forcevisible="false" hidden="false" width="100" index="12" sort="None" />
          <column forcevisible="false" hidden="false" width="105" index="13" sort="None" />
          <column forcevisible="false" hidden="true" width="50" index="14" sort="None" />
          <column forcevisible="false" hidden="false" width="50" index="15" sort="None" />
          <column forcevisible="false" hidden="true" width="50" index="16" sort="None" />
          <column forcevisible="false" hidden="true" width="150" index="17" sort="None" />
          <column forcevisible="false" hidden="false" width="150" index="18" sort="None" />
          <column forcevisible="false" hidden="false" width="150" index="19" sort="None" />
        </table>
        <heatfieldconfig customevents="true" deploymentevents="true" smartmeasure="true" smartserver="true" filterconfirmed="false">
          <incidentrules />
        </heatfieldconfig>
      </datamodelconfig>
      <dashboardlinks>
        <link name="easyTravel SLA Details" location="online://travel" />
      </dashboardlinks>
      <chartcolors />
    </portletconfig>
    <portletconfig showabsolutevalues="false" usedashboardsourceforcompare="true" usespecificautorefresh="false" sessiontype="live" lastvalue="false" icon="com.dynatrace.diagnostics.sdk/default.gif" description="" locationascomparesource="false" sessionid="easyTravel" usedashboardsource="true" folderid="org.eclipse.ui.internal.ViewStack@1a5bb08" locationassource="true" addfilterinfo="false" name="Search Queries per Minute" ismaster="false" typeid="com.dynatrace.diagnostics.portlets.chart.Chart" id="a78e4a49-b882-4ec3-8cb2-ca1bf303cdfb">
      <reportconfig print.images="true" lines.per.table="100" override="false" optimizeequalcolumns="true" print.legends="true" reportposition="5" enabled="true" levels.per.tree="10" />
      <filter>
        <criterion mode="all" type="agents" completepurepath="true">
          <textpattern name="agentname" type="contains" enabled="true" />
          <textpattern name="agenthost" type="contains" enabled="true" />
        </criterion>
        <criterion mode="all" type="applications" />
        <criterion type="btm" />
        <criterion mode="all" type="hosts" completepurepath="true" />
        <criterion type="timeframe">
          <timeframe type="Last 30min" />
        </criterion>
        <criterion useendtimefortimeframefilter="false" type="visits">
          <visitidset />
        </criterion>
        <inheritancemap />
      </filter>
      <autorefreshconfig unit="MINUTES" time="5" enabled="true" />
      <sashconfig displayoption="CHART" weights="500,500" />
      <datamodelconfig>
        <chart axis.x.title="" axis.y.title.show="true" showtooltips="true" bounds.y.enabled="false" showvalues="false" showtitle="false" logxaxis="false" title="" resolution="Auto" axis.x.show="true" maxsplitcharts="10" showname="true" maxdisplayitems="10" zoomable="true" charttype="StackedBarChart" aggregation.absolute="false" showheatfield="false" axis.y.show="true" isentitymarkable="false" orientation="Horizontal" yaxisalignment="0" legendposition="Bottom" axis.x.title.show="true" axis.y.title="" splitcharts="false" limititems="false" showlegend="false" lockyaxis="true" showlabels="true">
          <legendcomposition agent="true" measure="true" host="true">
            <pielabelcomposition agent="true" measure="true" host="true" value="true" />
          </legendcomposition>
          <chartsource systemid="easyTravel" sourcecolor="RGB(0,64,128,255)" dynamicconfig="false" fetchthreshold="false" scale="0" sessionid="easyTravel" groupingcriterion="" colorinheritancemode="parent" aggregationtype="Count" rate="10s" sourcetype="MEASURE" id="9025fd12-3981-4033-93ba-59a8a8735fa0" ratesupported="true" displayrate="10s" visible="true" autounit="false" sessiontype="live" fetch.dynamic.measures="false" autoscale="false" measuretype="TransactionMeasure" fetchbaseline="false" unit="ms" name="easyTravel Trip Search" groupingvalue="" overridesource="true" fetchmeasurecolor="false" position="1" uiunit="ms">
            <lightweightuniquemeasureidentifier systemid="easyTravel" application="" parentkeyid="easyTravel Trip Search" agentname="" metricsimpledisplayname="" agenthost="" metrickeyid="Value" keyid="easyTravel Trip Search" metricgroupkey="Business Transaction Results" collector="" measuretype="TransactionMeasure" />
            <displaysourceinfo measureunit="ms" agentname="" agenthost="" agentgroup="&lt;all-agents&gt;" transactionname="easyTravel Trip Search" measurerate="purepath" />
          </chartsource>
          <splitconfig splitlayout="Horizontal" splitmode="PerSeries" />
        </chart>
        <table structuremode="measureHierarchy" sortcolumn="0" drawcolumn="-1" columnorder="0,1,2,3,4,5,6,7,8,9,10,11,12,13,14,15,16,17,18,19">
          <column forcevisible="false" hidden="false" width="232" index="0" sort="Up" />
          <column forcevisible="false" hidden="false" width="100" index="1" sort="None" />
          <column forcevisible="false" hidden="false" width="100" index="2" sort="None" />
          <column forcevisible="false" hidden="false" width="25" index="3" sort="None" />
          <column forcevisible="false" hidden="false" width="100" index="4" sort="None" />
          <column forcevisible="false" hidden="false" width="100" index="5" sort="None" />
          <column forcevisible="false" hidden="false" width="50" index="6" sort="None" />
          <column forcevisible="false" hidden="false" width="75" index="7" sort="None" />
          <column forcevisible="false" hidden="false" width="75" index="8" sort="None" />
          <column forcevisible="false" hidden="false" width="75" index="9" sort="None" />
          <column forcevisible="false" hidden="false" width="75" index="10" sort="None" />
          <column forcevisible="false" hidden="true" width="75" index="11" sort="None" />
          <column forcevisible="false" hidden="false" width="100" index="12" sort="None" />
          <column forcevisible="false" hidden="false" width="105" index="13" sort="None" />
          <column forcevisible="false" hidden="true" width="50" index="14" sort="None" />
          <column forcevisible="false" hidden="false" width="50" index="15" sort="None" />
          <column forcevisible="false" hidden="true" width="50" index="16" sort="None" />
          <column forcevisible="false" hidden="true" width="150" index="17" sort="None" />
          <column forcevisible="false" hidden="false" width="150" index="18" sort="None" />
          <column forcevisible="false" hidden="false" width="150" index="19" sort="None" />
        </table>
        <heatfieldconfig customevents="true" deploymentevents="true" smartmeasure="true" smartserver="true" filterconfirmed="false">
          <incidentrules />
        </heatfieldconfig>
      </datamodelconfig>
      <dashboardlinks>
        <link name="easyTravel SLA Details" location="online://travel" />
      </dashboardlinks>
      <chartcolors />
    </portletconfig>
    <portletconfig showabsolutevalues="false" usedashboardsourceforcompare="true" usespecificautorefresh="false" sessiontype="live" lastvalue="false" icon="com.dynatrace.diagnostics.sdk/default.gif" description="" locationascomparesource="false" sessionid="easyTravel" usedashboardsource="true" folderid="org.eclipse.ui.internal.ViewStack@930330" locationassource="true" addfilterinfo="false" name="User Login SLA Compliance" ismaster="false" typeid="com.dynatrace.diagnostics.portlets.chart.Chart" id="c81758c9-7d85-4276-aaa5-f1f2806e8dc5">
      <reportconfig print.images="true" lines.per.table="100" override="false" optimizeequalcolumns="true" print.legends="true" reportposition="1" enabled="true" levels.per.tree="10" />
      <filter>
        <criterion mode="all" type="agents" completepurepath="true">
          <textpattern name="agentname" type="contains" enabled="true" />
          <textpattern name="agenthost" type="contains" enabled="true" />
        </criterion>
        <criterion mode="all" type="applications" />
        <criterion type="btm" />
        <criterion mode="all" type="hosts" completepurepath="true" />
        <criterion type="timeframe">
          <timeframe type="Last 30min" />
        </criterion>
        <criterion useendtimefortimeframefilter="false" type="visits">
          <visitidset />
        </criterion>
        <inheritancemap />
      </filter>
      <autorefreshconfig unit="MINUTES" time="5" enabled="true" />
      <sashconfig displayoption="CHART" weights="500,500" />
      <datamodelconfig>
        <chart axis.x.title="" axis.y.title.show="true" showtooltips="true" bounds.y.enabled="false" showvalues="false" showtitle="false" logxaxis="false" title="" resolution="Auto" axis.x.show="true" maxsplitcharts="10" showname="true" bounds.y.lower="0.0" maxdisplayitems="10" zoomable="true" charttype="TrafficLightChart" aggregation.absolute="false" showheatfield="true" axis.y.show="true" isentitymarkable="false" orientation="Horizontal" yaxisalignment="0" legendposition="Bottom" axis.x.title.show="true" axis.y.title="" splitcharts="true" limititems="false" bounds.y.upper="5000.0" showlegend="false" lockyaxis="true" showlabels="true">
          <legendcomposition agent="true" measure="true" host="true">
            <pielabelcomposition agent="true" measure="true" host="true" value="true" />
          </legendcomposition>
          <chartsource systemid="easyTravel" sourcecolor="RGB(192,0,128,255)" dynamicconfig="false" fetchthreshold="true" scale="0" sessionid="easyTravel" groupingcriterion="" colorinheritancemode="parent" aggregationtype="Max" rate="10s" sourcetype="MEASURE" id="4c18cb1a-1fb3-4160-9b82-13097d31a916" ratesupported="true" displayrate="10s" visible="true" autounit="false" sessiontype="live" fetch.dynamic.measures="false" autoscale="false" measuretype="TransactionMeasure" fetchbaseline="false" unit="ms" name="easyTravel Logins" groupingvalue="" overridesource="true" fetchmeasurecolor="false" position="1" uiunit="ms">
            <lightweightuniquemeasureidentifier systemid="easyTravel" application="" parentkeyid="easyTravel Logins" agentname="" metricsimpledisplayname="" agenthost="" metrickeyid="Value" keyid="easyTravel Logins" metricgroupkey="Business Transaction Results" collector="" measuretype="TransactionMeasure" />
            <displaysourceinfo measureunit="ms" agentname="" agenthost="" agentgroup="&lt;all-agents&gt;" transactionname="easyTravel Logins" measurerate="purepath" />
          </chartsource>
          <splitconfig splitlayout="Horizontal" splitmode="PerSeries" />
        </chart>
        <table structuremode="measureHierarchy" sortcolumn="0" drawcolumn="-1" columnorder="0,1,2,3,4,5,6,7,8,9,10,11,12,13,14,15,16,17,18,19">
          <column forcevisible="false" hidden="false" width="293" index="0" sort="Up" />
          <column forcevisible="false" hidden="false" width="100" index="1" sort="None" />
          <column forcevisible="false" hidden="false" width="100" index="2" sort="None" />
          <column forcevisible="false" hidden="false" width="25" index="3" sort="None" />
          <column forcevisible="false" hidden="false" width="100" index="4" sort="None" />
          <column forcevisible="false" hidden="false" width="100" index="5" sort="None" />
          <column forcevisible="false" hidden="false" width="50" index="6" sort="None" />
          <column forcevisible="false" hidden="false" width="75" index="7" sort="None" />
          <column forcevisible="false" hidden="false" width="75" index="8" sort="None" />
          <column forcevisible="false" hidden="false" width="75" index="9" sort="None" />
          <column forcevisible="false" hidden="false" width="75" index="10" sort="None" />
          <column forcevisible="false" hidden="true" width="75" index="11" sort="None" />
          <column forcevisible="false" hidden="false" width="100" index="12" sort="None" />
          <column forcevisible="false" hidden="false" width="105" index="13" sort="None" />
          <column forcevisible="false" hidden="true" width="50" index="14" sort="None" />
          <column forcevisible="false" hidden="false" width="50" index="15" sort="None" />
          <column forcevisible="false" hidden="true" width="50" index="16" sort="None" />
          <column forcevisible="false" hidden="true" width="150" index="17" sort="None" />
          <column forcevisible="false" hidden="false" width="150" index="18" sort="None" />
          <column forcevisible="false" hidden="false" width="150" index="19" sort="None" />
        </table>
        <heatfieldconfig customevents="true" deploymentevents="true" smartmeasure="true" smartserver="true" filterconfirmed="false">
          <incidentrules />
        </heatfieldconfig>
      </datamodelconfig>
      <dashboardlinks>
        <link name="easyTravel SLA Details" location="online://travel" />
      </dashboardlinks>
      <chartcolors />
    </portletconfig>
    <portletconfig showabsolutevalues="false" usedashboardsourceforcompare="true" usespecificautorefresh="false" sessiontype="live" lastvalue="false" icon="com.dynatrace.diagnostics.sdk/default.gif" description="" locationascomparesource="false" sessionid="easyTravel" usedashboardsource="true" folderid="org.eclipse.ui.internal.ViewStack@1451642" locationassource="true" addfilterinfo="false" name="User Login SLA Compliance" ismaster="false" typeid="com.dynatrace.diagnostics.portlets.chart.Chart" id="ccd03588-d856-4c12-bedb-279c66fc7b16">
      <reportconfig print.images="true" lines.per.table="100" override="false" optimizeequalcolumns="true" print.legends="true" reportposition="3" enabled="true" levels.per.tree="10" />
      <filter>
        <criterion mode="all" type="agents" completepurepath="true">
          <textpattern name="agentname" type="contains" enabled="true" />
          <textpattern name="agenthost" type="contains" enabled="true" />
        </criterion>
        <criterion mode="all" type="applications" />
        <criterion type="btm" />
        <criterion mode="all" type="hosts" completepurepath="true" />
        <criterion type="timeframe">
          <timeframe type="Last 30min" />
        </criterion>
        <criterion useendtimefortimeframefilter="false" type="visits">
          <visitidset />
        </criterion>
        <inheritancemap />
      </filter>
      <autorefreshconfig unit="MINUTES" time="5" enabled="true" />
      <sashconfig displayoption="CHART" weights="500,500" />
      <datamodelconfig>
        <chart axis.x.title="" axis.y.title.show="true" showtooltips="true" bounds.y.enabled="false" showvalues="false" showtitle="false" logxaxis="false" title="" resolution="Auto" axis.x.show="true" maxsplitcharts="10" showname="true" bounds.y.lower="0.0" maxdisplayitems="10" zoomable="true" charttype="PercentileChart" aggregation.absolute="false" showheatfield="true" axis.y.show="true" isentitymarkable="false" orientation="Horizontal" yaxisalignment="0" legendposition="Bottom" axis.x.title.show="true" axis.y.title="" splitcharts="false" limititems="false" bounds.y.upper="5000.0" showlegend="false" lockyaxis="true" showlabels="true">
          <legendcomposition agent="true" measure="true" host="true">
            <pielabelcomposition agent="true" measure="true" host="true" value="true" />
          </legendcomposition>
          <chartsource systemid="easyTravel" sourcecolor="RGB(192,0,128,255)" dynamicconfig="false" fetchthreshold="true" scale="0" sessionid="easyTravel" groupingcriterion="" colorinheritancemode="parent" aggregationtype="Pct100" rate="10s" sourcetype="MEASURE" id="4c18cb1a-1fb3-4160-9b82-13097d31a916" ratesupported="true" displayrate="10s" visible="true" autounit="false" sessiontype="live" fetch.dynamic.measures="false" autoscale="false" measuretype="TransactionMeasure" fetchbaseline="false" unit="ms" name="easyTravel Logins" groupingvalue="" overridesource="false" fetchmeasurecolor="false" position="1" uiunit="ms">
            <lightweightuniquemeasureidentifier systemid="easyTravel" application="" parentkeyid="easyTravel Logins" agentname="" metricsimpledisplayname="" agenthost="" metrickeyid="Value" keyid="easyTravel Logins" metricgroupkey="Business Transaction Results" collector="" measuretype="TransactionMeasure" />
            <displaysourceinfo measureunit="ms" agentname="" agenthost="" agentgroup="&lt;all-agents&gt;" transactionname="easyTravel Logins" measurerate="purepath" />
          </chartsource>
          <splitconfig splitlayout="Horizontal" splitmode="PerSeries" />
        </chart>
        <table structuremode="measureHierarchy" sortcolumn="0" drawcolumn="-1" columnorder="0,1,2,3,4,5,6,7,8,9,10,11,12,13,14,15,16,17,18,19">
          <column forcevisible="false" hidden="false" width="293" index="0" sort="Up" />
          <column forcevisible="false" hidden="false" width="100" index="1" sort="None" />
          <column forcevisible="false" hidden="false" width="100" index="2" sort="None" />
          <column forcevisible="false" hidden="false" width="25" index="3" sort="None" />
          <column forcevisible="false" hidden="false" width="100" index="4" sort="None" />
          <column forcevisible="false" hidden="false" width="100" index="5" sort="None" />
          <column forcevisible="false" hidden="false" width="50" index="6" sort="None" />
          <column forcevisible="false" hidden="false" width="75" index="7" sort="None" />
          <column forcevisible="false" hidden="false" width="75" index="8" sort="None" />
          <column forcevisible="false" hidden="false" width="75" index="9" sort="None" />
          <column forcevisible="false" hidden="false" width="75" index="10" sort="None" />
          <column forcevisible="false" hidden="true" width="75" index="11" sort="None" />
          <column forcevisible="false" hidden="false" width="100" index="12" sort="None" />
          <column forcevisible="false" hidden="false" width="105" index="13" sort="None" />
          <column forcevisible="false" hidden="true" width="50" index="14" sort="None" />
          <column forcevisible="false" hidden="false" width="50" index="15" sort="None" />
          <column forcevisible="false" hidden="true" width="50" index="16" sort="None" />
          <column forcevisible="false" hidden="true" width="150" index="17" sort="None" />
          <column forcevisible="false" hidden="false" width="150" index="18" sort="None" />
          <column forcevisible="false" hidden="false" width="150" index="19" sort="None" />
        </table>
        <heatfieldconfig customevents="true" deploymentevents="true" smartmeasure="true" smartserver="true" filterconfirmed="false">
          <incidentrules />
        </heatfieldconfig>
      </datamodelconfig>
      <dashboardlinks>
        <link name="easyTravel SLA Details" location="online://travel" />
      </dashboardlinks>
      <chartcolors threshold_warning_color="RGB(0,128,64,112)" threshold_severe_color="RGB(64,128,128,110)" />
    </portletconfig>
    <portletconfig showabsolutevalues="false" usedashboardsourceforcompare="true" usespecificautorefresh="false" sessiontype="live" lastvalue="false" icon="com.dynatrace.diagnostics.sdk/default.gif" description="" locationascomparesource="false" sessionid="easyTravel" usedashboardsource="true" folderid="org.eclipse.ui.internal.ViewStack@64aeb6" locationassource="true" addfilterinfo="false" name="Logins per Minute" ismaster="false" typeid="com.dynatrace.diagnostics.portlets.chart.Chart" id="d0819bfa-4012-4c58-a56f-32ded4874229">
      <reportconfig print.images="true" lines.per.table="100" override="false" optimizeequalcolumns="true" print.legends="true" reportposition="2" enabled="true" levels.per.tree="10" />
      <filter>
        <criterion mode="all" type="agents" completepurepath="true">
          <textpattern name="agentname" type="contains" enabled="true" />
          <textpattern name="agenthost" type="contains" enabled="true" />
        </criterion>
        <criterion mode="all" type="applications" />
        <criterion type="btm" />
        <criterion mode="all" type="hosts" completepurepath="true" />
        <criterion type="timeframe">
          <timeframe type="Last 30min" />
        </criterion>
        <criterion useendtimefortimeframefilter="false" type="visits">
          <visitidset />
        </criterion>
        <inheritancemap />
      </filter>
      <autorefreshconfig unit="MINUTES" time="5" enabled="true" />
      <sashconfig displayoption="CHART" weights="500,500" />
      <datamodelconfig>
        <chart axis.x.title="" axis.y.title.show="true" showtooltips="true" bounds.y.enabled="false" showvalues="false" showtitle="false" logxaxis="false" title="" resolution="Auto" axis.x.show="true" maxsplitcharts="10" showname="true" maxdisplayitems="10" zoomable="true" charttype="StackedBarChart" aggregation.absolute="false" showheatfield="false" axis.y.show="true" isentitymarkable="false" orientation="Horizontal" yaxisalignment="0" legendposition="Bottom" axis.x.title.show="true" axis.y.title="" splitcharts="false" limititems="false" showlegend="false" lockyaxis="true" showlabels="true">
          <legendcomposition agent="true" measure="true" host="true">
            <pielabelcomposition agent="true" measure="true" host="true" value="true" />
          </legendcomposition>
          <chartsource systemid="easyTravel" sourcecolor="RGB(0,128,128,255)" dynamicconfig="false" fetchthreshold="false" scale="0" sessionid="easyTravel" groupingcriterion="" colorinheritancemode="parent" aggregationtype="Count" rate="10s" sourcetype="MEASURE" id="0139fde5-189f-41ba-a1cb-b5705ed7cc57" ratesupported="true" displayrate="10s" visible="true" autounit="false" sessiontype="live" fetch.dynamic.measures="false" autoscale="false" measuretype="TransactionMeasure" fetchbaseline="false" unit="ms" name="easyTravel Logins" groupingvalue="" overridesource="true" fetchmeasurecolor="false" position="1" uiunit="ms">
            <lightweightuniquemeasureidentifier systemid="easyTravel" application="" parentkeyid="easyTravel Logins" agentname="" metricsimpledisplayname="" agenthost="" metrickeyid="Value" keyid="easyTravel Logins" metricgroupkey="Business Transaction Results" collector="" measuretype="TransactionMeasure" />
            <displaysourceinfo measureunit="ms" agentname="" agenthost="" agentgroup="&lt;all-agents&gt;" transactionname="easyTravel Logins" measurerate="purepath" />
          </chartsource>
          <splitconfig splitlayout="Horizontal" splitmode="PerSeries" />
        </chart>
        <table structuremode="measureHierarchy" sortcolumn="0" drawcolumn="-1" columnorder="0,1,2,3,4,5,6,7,8,9,10,11,12,13,14,15,16,17,18,19">
          <column forcevisible="false" hidden="false" width="232" index="0" sort="Up" />
          <column forcevisible="false" hidden="false" width="100" index="1" sort="None" />
          <column forcevisible="false" hidden="false" width="100" index="2" sort="None" />
          <column forcevisible="false" hidden="false" width="25" index="3" sort="None" />
          <column forcevisible="false" hidden="false" width="100" index="4" sort="None" />
          <column forcevisible="false" hidden="false" width="100" index="5" sort="None" />
          <column forcevisible="false" hidden="false" width="50" index="6" sort="None" />
          <column forcevisible="false" hidden="false" width="75" index="7" sort="None" />
          <column forcevisible="false" hidden="false" width="75" index="8" sort="None" />
          <column forcevisible="false" hidden="false" width="75" index="9" sort="None" />
          <column forcevisible="false" hidden="false" width="75" index="10" sort="None" />
          <column forcevisible="false" hidden="true" width="75" index="11" sort="None" />
          <column forcevisible="false" hidden="false" width="100" index="12" sort="None" />
          <column forcevisible="false" hidden="false" width="105" index="13" sort="None" />
          <column forcevisible="false" hidden="true" width="50" index="14" sort="None" />
          <column forcevisible="false" hidden="false" width="50" index="15" sort="None" />
          <column forcevisible="false" hidden="true" width="50" index="16" sort="None" />
          <column forcevisible="false" hidden="true" width="150" index="17" sort="None" />
          <column forcevisible="false" hidden="false" width="150" index="18" sort="None" />
          <column forcevisible="false" hidden="false" width="150" index="19" sort="None" />
        </table>
        <heatfieldconfig customevents="true" deploymentevents="true" smartmeasure="true" smartserver="true" filterconfirmed="false">
          <incidentrules />
        </heatfieldconfig>
      </datamodelconfig>
      <dashboardlinks>
        <link name="easyTravel SLA Details" location="online://travel" />
      </dashboardlinks>
      <chartcolors />
    </portletconfig>
    <portletconfig showabsolutevalues="false" usedashboardsourceforcompare="true" usespecificautorefresh="false" sessiontype="live" lastvalue="false" icon="com.dynatrace.diagnostics.sdk/default.gif" description="" locationascomparesource="false" sessionid="easyTravel" usedashboardsource="true" folderid="org.eclipse.ui.internal.ViewStack@1af3917" locationassource="true" addfilterinfo="false" name="Search SLA Compliance" ismaster="false" typeid="com.dynatrace.diagnostics.portlets.chart.Chart" id="f0c11eb8-2581-4136-ba40-3e83641d1fd7">
      <reportconfig print.images="true" lines.per.table="100" override="false" optimizeequalcolumns="true" print.legends="true" reportposition="6" enabled="true" levels.per.tree="10" />
      <filter>
        <criterion mode="all" type="agents" completepurepath="true">
          <textpattern name="agentname" type="contains" enabled="true" />
          <textpattern name="agenthost" type="contains" enabled="true" />
        </criterion>
        <criterion mode="all" type="applications" />
        <criterion type="btm" />
        <criterion mode="all" type="hosts" completepurepath="true" />
        <criterion type="timeframe">
          <timeframe type="Last 30min" />
        </criterion>
        <criterion useendtimefortimeframefilter="false" type="visits">
          <visitidset />
        </criterion>
        <inheritancemap />
      </filter>
      <autorefreshconfig unit="MINUTES" time="5" enabled="true" />
      <sashconfig displayoption="CHART" weights="500,500" />
      <datamodelconfig>
        <chart axis.x.title="" axis.y.title.show="true" showtooltips="true" bounds.y.enabled="false" showvalues="false" showtitle="false" logxaxis="false" title="" resolution="Auto" axis.x.show="true" maxsplitcharts="10" showname="true" bounds.y.lower="0.0" maxdisplayitems="10" zoomable="true" charttype="PercentileChart" aggregation.absolute="false" showheatfield="true" axis.y.show="true" isentitymarkable="false" orientation="Horizontal" yaxisalignment="0" legendposition="Bottom" axis.x.title.show="true" axis.y.title="" splitcharts="false" limititems="false" bounds.y.upper="5000.0" showlegend="false" lockyaxis="true" showlabels="true">
          <legendcomposition agent="true" measure="true" host="true">
            <pielabelcomposition agent="true" measure="true" host="true" value="true" />
          </legendcomposition>
          <chartsource systemid="easyTravel" sourcecolor="RGB(192,0,128,255)" dynamicconfig="false" fetchthreshold="true" scale="0" sessionid="easyTravel" groupingcriterion="" colorinheritancemode="parent" aggregationtype="Pct100" rate="10s" sourcetype="MEASURE" id="31e37269-dcb9-4b21-9cce-eeb852d678b5" ratesupported="true" displayrate="10s" visible="true" autounit="false" sessiontype="live" fetch.dynamic.measures="false" autoscale="false" measuretype="TransactionMeasure" fetchbaseline="false" unit="ms" name="easyTravel Trip Search by Destination" groupingvalue="" overridesource="false" fetchmeasurecolor="false" position="1" uiunit="ms">
            <lightweightuniquemeasureidentifier systemid="easyTravel" application="" parentkeyid="easyTravel Trip Search by Destination" agentname="" metricsimpledisplayname="" agenthost="" metrickeyid="Value" keyid="easyTravel Trip Search by Destination" metricgroupkey="Business Transaction Results" collector="" measuretype="TransactionMeasure" />
            <displaysourceinfo measureunit="ms" agentname="" agenthost="" agentgroup="&lt;all-agents&gt;" transactionname="easyTravel Trip Search by Destination" measurerate="purepath" />
          </chartsource>
          <splitconfig splitlayout="Horizontal" splitmode="PerSeries" />
        </chart>
        <table structuremode="measureHierarchy" sortcolumn="0" drawcolumn="-1" columnorder="0,1,2,3,4,5,6,7,8,9,10,11,12,13,14,15,16,17,18,19">
          <column forcevisible="false" hidden="false" width="293" index="0" sort="Up" />
          <column forcevisible="false" hidden="false" width="100" index="1" sort="None" />
          <column forcevisible="false" hidden="false" width="100" index="2" sort="None" />
          <column forcevisible="false" hidden="false" width="25" index="3" sort="None" />
          <column forcevisible="false" hidden="false" width="100" index="4" sort="None" />
          <column forcevisible="false" hidden="false" width="100" index="5" sort="None" />
          <column forcevisible="false" hidden="false" width="50" index="6" sort="None" />
          <column forcevisible="false" hidden="false" width="75" index="7" sort="None" />
          <column forcevisible="false" hidden="false" width="75" index="8" sort="None" />
          <column forcevisible="false" hidden="false" width="75" index="9" sort="None" />
          <column forcevisible="false" hidden="false" width="75" index="10" sort="None" />
          <column forcevisible="false" hidden="true" width="75" index="11" sort="None" />
          <column forcevisible="false" hidden="false" width="100" index="12" sort="None" />
          <column forcevisible="false" hidden="false" width="105" index="13" sort="None" />
          <column forcevisible="false" hidden="true" width="50" index="14" sort="None" />
          <column forcevisible="false" hidden="false" width="50" index="15" sort="None" />
          <column forcevisible="false" hidden="true" width="50" index="16" sort="None" />
          <column forcevisible="false" hidden="true" width="150" index="17" sort="None" />
          <column forcevisible="false" hidden="false" width="150" index="18" sort="None" />
          <column forcevisible="false" hidden="false" width="150" index="19" sort="None" />
        </table>
        <heatfieldconfig customevents="true" deploymentevents="true" smartmeasure="true" smartserver="true" filterconfirmed="false">
          <incidentrules />
        </heatfieldconfig>
      </datamodelconfig>
      <dashboardlinks>
        <link name="easyTravel SLA Details" location="online://travel" />
      </dashboardlinks>
      <chartcolors threshold_warning_color="RGB(0,128,255,112)" threshold_severe_color="RGB(0,64,128,110)" />
    </portletconfig>
    <portletconfig showabsolutevalues="false" usedashboardsourceforcompare="true" usespecificautorefresh="false" sessiontype="live" lastvalue="false" icon="com.dynatrace.diagnostics.sdk/default.gif" description="" locationascomparesource="false" sessionid="easyTravel" usedashboardsource="true" folderid="org.eclipse.ui.internal.ViewStack@ab1158" locationassource="true" addfilterinfo="false" name="Booking SLA Compliance" ismaster="false" typeid="com.dynatrace.diagnostics.portlets.chart.Chart" id="005c7773-b699-4c51-a0a6-1c4f2a0f4bc8">
      <reportconfig print.images="true" lines.per.table="100" override="false" optimizeequalcolumns="true" print.legends="true" reportposition="7" enabled="true" levels.per.tree="10" />
      <filter>
        <criterion mode="all" type="agents" completepurepath="true">
          <textpattern name="agentname" type="contains" enabled="true" />
          <textpattern name="agenthost" type="contains" enabled="true" />
        </criterion>
        <criterion mode="all" type="applications" />
        <criterion type="btm" />
        <criterion mode="all" type="hosts" completepurepath="true" />
        <criterion type="timeframe">
          <timeframe type="Last 30min" />
        </criterion>
        <criterion useendtimefortimeframefilter="false" type="visits">
          <visitidset />
        </criterion>
        <inheritancemap />
      </filter>
      <autorefreshconfig unit="MINUTES" time="5" enabled="true" />
      <sashconfig displayoption="CHART" weights="500,500" />
      <datamodelconfig>
        <chart axis.x.title="" axis.y.title.show="true" showtooltips="true" bounds.y.enabled="false" showvalues="false" showtitle="false" logxaxis="false" title="" resolution="Auto" axis.x.show="true" maxsplitcharts="10" showname="true" maxdisplayitems="10" zoomable="true" charttype="TrafficLightChart" aggregation.absolute="false" showheatfield="true" axis.y.show="true" isentitymarkable="false" orientation="Horizontal" yaxisalignment="0" legendposition="Bottom" axis.x.title.show="true" axis.y.title="" splitcharts="true" limititems="false" showlegend="false" lockyaxis="true" showlabels="true">
          <legendcomposition agent="true" measure="true" host="true">
            <pielabelcomposition agent="true" measure="true" host="true" value="true" />
          </legendcomposition>
          <chartsource systemid="easyTravel" sourcecolor="RGB(192,0,128,255)" dynamicconfig="false" fetchthreshold="true" scale="0" sessionid="easyTravel" groupingcriterion="" colorinheritancemode="parent" aggregationtype="Max" rate="10s" sourcetype="MEASURE" id="86fcad1f-c037-4f66-a2f3-978a8c2bd7ec" ratesupported="true" displayrate="10s" visible="true" autounit="false" sessiontype="live" fetch.dynamic.measures="false" autoscale="false" measuretype="TransactionMeasure" fetchbaseline="false" unit="ms" name="easyTravel Bookings - PurePath Response Time" groupingvalue="" overridesource="true" fetchmeasurecolor="false" position="1" uiunit="ms">
            <lightweightuniquemeasureidentifier systemid="easyTravel" application="" parentkeyid="easyTravel Bookings (PurePath Response Time;PurePaths;PurePath Response Time)" agentname="" metricsimpledisplayname="" agenthost="" metrickeyid="Value" keyid="easyTravel Bookings (PurePath Response Time;PurePaths;PurePath Response Time)" metricgroupkey="Business Transaction Results" collector="" measuretype="TransactionMeasure" />
            <displaysourceinfo measureunit="ms" agentname="" agenthost="" agentgroup="&lt;all-agents&gt;" transactionname="easyTravel Bookings" measurerate="purepath" />
          </chartsource>
          <splitconfig splitlayout="Horizontal" splitmode="PerSeries" />
        </chart>
        <table structuremode="measureHierarchy" sortcolumn="0" drawcolumn="-1" columnorder="0,1,2,3,4,5,6,7,8,9,10,11,12,13,14,15,16,17,18,19">
          <column forcevisible="false" hidden="false" width="232" index="0" sort="Up" />
          <column forcevisible="false" hidden="false" width="100" index="1" sort="None" />
          <column forcevisible="false" hidden="false" width="100" index="2" sort="None" />
          <column forcevisible="false" hidden="false" width="25" index="3" sort="None" />
          <column forcevisible="false" hidden="false" width="100" index="4" sort="None" />
          <column forcevisible="false" hidden="false" width="100" index="5" sort="None" />
          <column forcevisible="false" hidden="false" width="50" index="6" sort="None" />
          <column forcevisible="false" hidden="false" width="75" index="7" sort="None" />
          <column forcevisible="false" hidden="false" width="75" index="8" sort="None" />
          <column forcevisible="false" hidden="false" width="75" index="9" sort="None" />
          <column forcevisible="false" hidden="false" width="75" index="10" sort="None" />
          <column forcevisible="false" hidden="true" width="75" index="11" sort="None" />
          <column forcevisible="false" hidden="false" width="100" index="12" sort="None" />
          <column forcevisible="false" hidden="false" width="105" index="13" sort="None" />
          <column forcevisible="false" hidden="true" width="50" index="14" sort="None" />
          <column forcevisible="false" hidden="false" width="50" index="15" sort="None" />
          <column forcevisible="false" hidden="true" width="50" index="16" sort="None" />
          <column forcevisible="false" hidden="true" width="150" index="17" sort="None" />
          <column forcevisible="false" hidden="false" width="150" index="18" sort="None" />
          <column forcevisible="false" hidden="false" width="150" index="19" sort="None" />
        </table>
        <heatfieldconfig customevents="true" deploymentevents="true" smartmeasure="true" smartserver="true" filterconfirmed="false">
          <incidentrules />
        </heatfieldconfig>
      </datamodelconfig>
      <dashboardlinks>
        <link name="easyTravel SLA Details" location="online://travel" />
      </dashboardlinks>
      <chartcolors />
    </portletconfig>
    <portletconfig showabsolutevalues="false" usedashboardsourceforcompare="true" usespecificautorefresh="false" sessiontype="live" lastvalue="false" icon="com.dynatrace.diagnostics.sdk/default.gif" description="" locationascomparesource="false" sessionid="easyTravel" usedashboardsource="true" folderid="org.eclipse.ui.internal.ViewStack@1e90c5c" locationassource="true" addfilterinfo="false" name="Booking SLA Compliance" ismaster="false" typeid="com.dynatrace.diagnostics.portlets.chart.Chart" id="1ac7a8ea-15dd-4f3b-a864-aa1eea517722">
      <reportconfig print.images="true" lines.per.table="100" override="false" optimizeequalcolumns="true" print.legends="true" reportposition="9" enabled="true" levels.per.tree="10" />
      <filter>
        <criterion mode="all" type="agents" completepurepath="true">
          <textpattern name="agentname" type="contains" enabled="true" />
          <textpattern name="agenthost" type="contains" enabled="true" />
        </criterion>
        <criterion mode="all" type="applications" />
        <criterion type="btm" />
        <criterion mode="all" type="hosts" completepurepath="true" />
        <criterion type="timeframe">
          <timeframe type="Last 30min" />
        </criterion>
        <criterion useendtimefortimeframefilter="false" type="visits">
          <visitidset />
        </criterion>
        <inheritancemap />
      </filter>
      <autorefreshconfig unit="MINUTES" time="5" enabled="true" />
      <sashconfig displayoption="CHART" weights="500,500" />
      <datamodelconfig>
        <chart axis.x.title="" axis.y.title.show="true" showtooltips="true" bounds.y.enabled="false" showvalues="false" showtitle="false" logxaxis="false" title="" resolution="Auto" axis.x.show="true" maxsplitcharts="10" showname="true" maxdisplayitems="10" zoomable="true" charttype="PercentileChart" aggregation.absolute="false" showheatfield="true" axis.y.show="true" isentitymarkable="false" orientation="Horizontal" yaxisalignment="0" legendposition="Bottom" axis.x.title.show="true" axis.y.title="" splitcharts="false" limititems="false" showlegend="false" lockyaxis="true" showlabels="true">
          <legendcomposition agent="true" measure="true" host="true">
            <pielabelcomposition agent="true" measure="true" host="true" value="true" />
          </legendcomposition>
          <chartsource systemid="easyTravel" sourcecolor="RGB(192,0,128,255)" dynamicconfig="false" fetchthreshold="true" scale="0" sessionid="easyTravel" groupingcriterion="" colorinheritancemode="parent" aggregationtype="Pct100" rate="10s" sourcetype="MEASURE" id="86fcad1f-c037-4f66-a2f3-978a8c2bd7ec" ratesupported="true" displayrate="10s" visible="true" autounit="false" sessiontype="live" fetch.dynamic.measures="false" autoscale="false" measuretype="TransactionMeasure" fetchbaseline="false" unit="ms" name="easyTravel Bookings - PurePath Response Time" groupingvalue="" overridesource="false" fetchmeasurecolor="true" position="1" uiunit="ms">
            <lightweightuniquemeasureidentifier systemid="easyTravel" application="" parentkeyid="easyTravel Bookings (PurePath Response Time;PurePaths;PurePath Response Time)" agentname="" metricsimpledisplayname="" agenthost="" metrickeyid="Value" keyid="easyTravel Bookings (PurePath Response Time;PurePaths;PurePath Response Time)" metricgroupkey="Business Transaction Results" collector="" measuretype="TransactionMeasure" />
            <displaysourceinfo measureunit="ms" agentname="" agenthost="" agentgroup="&lt;all-agents&gt;" transactionname="easyTravel Bookings" measurerate="purepath" />
          </chartsource>
          <splitconfig splitlayout="Horizontal" splitmode="PerSeries" />
        </chart>
        <table structuremode="measureHierarchy" sortcolumn="0" drawcolumn="-1" columnorder="0,1,2,3,4,5,6,7,8,9,10,11,12,13,14,15,16,17,18,19">
          <column forcevisible="false" hidden="false" width="232" index="0" sort="Up" />
          <column forcevisible="false" hidden="false" width="100" index="1" sort="None" />
          <column forcevisible="false" hidden="false" width="100" index="2" sort="None" />
          <column forcevisible="false" hidden="false" width="25" index="3" sort="None" />
          <column forcevisible="false" hidden="false" width="100" index="4" sort="None" />
          <column forcevisible="false" hidden="false" width="100" index="5" sort="None" />
          <column forcevisible="false" hidden="false" width="50" index="6" sort="None" />
          <column forcevisible="false" hidden="false" width="75" index="7" sort="None" />
          <column forcevisible="false" hidden="false" width="75" index="8" sort="None" />
          <column forcevisible="false" hidden="false" width="75" index="9" sort="None" />
          <column forcevisible="false" hidden="false" width="75" index="10" sort="None" />
          <column forcevisible="false" hidden="true" width="75" index="11" sort="None" />
          <column forcevisible="false" hidden="false" width="100" index="12" sort="None" />
          <column forcevisible="false" hidden="false" width="105" index="13" sort="None" />
          <column forcevisible="false" hidden="true" width="50" index="14" sort="None" />
          <column forcevisible="false" hidden="false" width="50" index="15" sort="None" />
          <column forcevisible="false" hidden="true" width="50" index="16" sort="None" />
          <column forcevisible="false" hidden="true" width="150" index="17" sort="None" />
          <column forcevisible="false" hidden="false" width="150" index="18" sort="None" />
          <column forcevisible="false" hidden="false" width="150" index="19" sort="None" />
        </table>
        <heatfieldconfig customevents="true" deploymentevents="true" smartmeasure="true" smartserver="true" filterconfirmed="false">
          <incidentrules />
        </heatfieldconfig>
      </datamodelconfig>
      <dashboardlinks>
        <link name="easyTravel SLA Details" location="online://travel" />
      </dashboardlinks>
      <chartcolors threshold_warning_color="RGB(128,0,255,60)" threshold_severe_color="RGB(128,0,128,59)" />
    </portletconfig>
    <portletconfig showabsolutevalues="false" usedashboardsourceforcompare="true" usespecificautorefresh="false" sessiontype="live" lastvalue="false" icon="com.dynatrace.diagnostics.sdk/default.gif" description="" locationascomparesource="false" sessionid="easyTravel" usedashboardsource="true" folderid="org.eclipse.ui.internal.ViewStack@18e0272" locationassource="true" addfilterinfo="false" name="Bookings per Minute" ismaster="false" typeid="com.dynatrace.diagnostics.portlets.chart.Chart" id="4ae918e8-94d8-49ce-b8f4-846461a4ecd7">
      <reportconfig print.images="true" lines.per.table="100" override="false" optimizeequalcolumns="true" print.legends="true" reportposition="8" enabled="true" levels.per.tree="10" />
      <filter>
        <criterion mode="all" type="agents" completepurepath="true">
          <textpattern name="agentname" type="contains" enabled="true" />
          <textpattern name="agenthost" type="contains" enabled="true" />
        </criterion>
        <criterion mode="all" type="applications" />
        <criterion type="btm" />
        <criterion mode="all" type="hosts" completepurepath="true" />
        <criterion type="timeframe">
          <timeframe type="Last 30min" />
        </criterion>
        <criterion useendtimefortimeframefilter="false" type="visits">
          <visitidset />
        </criterion>
        <inheritancemap />
      </filter>
      <autorefreshconfig unit="MINUTES" time="5" enabled="true" />
      <sashconfig displayoption="CHART" weights="500,500" />
      <datamodelconfig>
        <chart axis.x.title="" axis.y.title.show="true" showtooltips="true" bounds.y.enabled="false" showvalues="false" showtitle="false" logxaxis="false" title="" resolution="Auto" axis.x.show="true" maxsplitcharts="10" showname="true" maxdisplayitems="10" zoomable="true" charttype="StackedBarChart" aggregation.absolute="false" showheatfield="false" axis.y.show="true" isentitymarkable="false" orientation="Horizontal" yaxisalignment="0" legendposition="Bottom" axis.x.title.show="true" axis.y.title="" splitcharts="false" limititems="false" showlegend="false" lockyaxis="true" showlabels="true">
          <legendcomposition agent="true" measure="true" host="true">
            <pielabelcomposition agent="true" measure="true" host="true" value="true" />
          </legendcomposition>
          <chartsource systemid="easyTravel" sourcecolor="RGB(128,0,64,255)" dynamicconfig="false" fetchthreshold="false" scale="0" sessionid="easyTravel" groupingcriterion="" colorinheritancemode="parent" aggregationtype="Count" rate="10s" sourcetype="MEASURE" id="86fcad1f-c037-4f66-a2f3-978a8c2bd7ec" ratesupported="true" displayrate="10s" visible="true" autounit="false" sessiontype="live" fetch.dynamic.measures="false" autoscale="false" measuretype="TransactionMeasure" fetchbaseline="false" unit="ms" name="easyTravel Bookings - PurePath Response Time" groupingvalue="" overridesource="true" fetchmeasurecolor="false" position="1" uiunit="ms">
            <lightweightuniquemeasureidentifier systemid="easyTravel" application="" parentkeyid="easyTravel Bookings (PurePath Response Time;PurePaths;PurePath Response Time)" agentname="" metricsimpledisplayname="" agenthost="" metrickeyid="Value" keyid="easyTravel Bookings (PurePath Response Time;PurePaths;PurePath Response Time)" metricgroupkey="Business Transaction Results" collector="" measuretype="TransactionMeasure" />
            <displaysourceinfo measureunit="ms" agentname="" agenthost="" agentgroup="&lt;all-agents&gt;" transactionname="easyTravel Bookings" measurerate="purepath" />
          </chartsource>
          <splitconfig splitlayout="Horizontal" splitmode="PerSeries" />
        </chart>
        <table structuremode="measureHierarchy" sortcolumn="0" drawcolumn="-1" columnorder="0,1,2,3,4,5,6,7,8,9,10,11,12,13,14,15,16,17,18,19">
          <column forcevisible="false" hidden="false" width="232" index="0" sort="Up" />
          <column forcevisible="false" hidden="false" width="100" index="1" sort="None" />
          <column forcevisible="false" hidden="false" width="100" index="2" sort="None" />
          <column forcevisible="false" hidden="false" width="25" index="3" sort="None" />
          <column forcevisible="false" hidden="false" width="100" index="4" sort="None" />
          <column forcevisible="false" hidden="false" width="100" index="5" sort="None" />
          <column forcevisible="false" hidden="false" width="50" index="6" sort="None" />
          <column forcevisible="false" hidden="false" width="75" index="7" sort="None" />
          <column forcevisible="false" hidden="false" width="75" index="8" sort="None" />
          <column forcevisible="false" hidden="false" width="75" index="9" sort="None" />
          <column forcevisible="false" hidden="false" width="75" index="10" sort="None" />
          <column forcevisible="false" hidden="true" width="75" index="11" sort="None" />
          <column forcevisible="false" hidden="false" width="100" index="12" sort="None" />
          <column forcevisible="false" hidden="false" width="105" index="13" sort="None" />
          <column forcevisible="false" hidden="true" width="50" index="14" sort="None" />
          <column forcevisible="false" hidden="false" width="50" index="15" sort="None" />
          <column forcevisible="false" hidden="true" width="50" index="16" sort="None" />
          <column forcevisible="false" hidden="true" width="150" index="17" sort="None" />
          <column forcevisible="false" hidden="false" width="150" index="18" sort="None" />
          <column forcevisible="false" hidden="false" width="150" index="19" sort="None" />
        </table>
        <heatfieldconfig customevents="true" deploymentevents="true" smartmeasure="true" smartserver="true" filterconfirmed="false">
          <incidentrules />
        </heatfieldconfig>
      </datamodelconfig>
      <dashboardlinks>
        <link name="easyTravel SLA Details" location="online://travel" />
      </dashboardlinks>
      <chartcolors />
    </portletconfig>
  </dashboardconfig>
</dynatrace>
