<?xml version="1.0" encoding="UTF-8"?>
<!-- ATTENTION - THIS IS AN AUTOMATICALLY GENERATED FILE -->
<!-- Manual changes can cause severe problems and system instability -->
<!-- Apply manual changes only if you have received explicit instructions from Dynatrace Support -->
<dynatrace version="6.5.0.1289" date="12/22/16 12:48 PM">
  <dashboardconfig memento.version="6.5.0.1289" suppresssavewarning="false" created="2010-09-20T01:21:44-0500" sessiontype="live" icon="com.dynatrace.diagnostics.sdk/default.gif" description="" modifiedbyname="admin" locationascomparesource="false" sessionid="easyTravel" opendrilldowninnewdashboard="true" groupname="" autoreplacesession="false" revision="00000159-27dd-1320-935f-a7e5de00cf3c" locationassource="true" localizationenabled="false" name="easyTravel Browser Summary Reporting" authorname="dynaTrace" modified="2016-12-22T12:48:36-0600" id="a11887f5-70b3-4fd6-bc5a-40805a909f6e">
    <reportconfig print.images="true" formatpdf="com.dynatrace.diagnostics.report.velocity.format.pdfrenderer" orientation="portrait" description="" title="" type="PDF" enabled="true" formathtml="com.dynatrace.diagnostics.report.velocity.format.htmlrenderer" lines.per.table="100" pagesize="A4" override="false" optimizeequalcolumns="true" print.legends="true" levels.per.tree="10" />
    <filter>
      <criterion type="admfilteranalyzer" />
      <criterion mode="all" type="agents" completepurepath="true">
        <textpattern name="agentname" type="contains" enabled="true" />
        <textpattern name="agenthost" type="contains" enabled="true" />
      </criterion>
      <criterion type="and" />
      <criterion mode="all" excludeexternalsubpaths="false" type="api" />
      <criterion mode="all" type="applications" />
      <criterion type="btm" />
      <criterion type="casuemdimension" />
      <criterion type="dbdetails" />
      <criterion intervalend="0" intervalstart="0" type="dcrumdimension" filterinterval="false" />
      <criterion analyzeserverpath="true" analyzeclienterrors="false" isactive="true" analyzeenduserpath="false" type="enduserpath" />
      <criterion mode="all" type="hosts" completepurepath="true" />
      <criterion severitiesmode="all" statesmode="all" type="incident" rulesmode="all" severities="" states="" />
      <criterion type="or" />
      <criterion mode="all" enduser="false" type="purepaths" />
      <criterion includemeasurename="true" includeplatform="true" includetestname="true" teststatus="FAILED,INVALIDATED,VOLATILE,DEGRADED,IMPROVED,MISSING,passed" type="tests" testcategory="UNIT,BROWSER_TIMER,BROWSER_AUTO_TIMER,PERFORMANCE,LOAD,WEB_API,EXTERNAL" />
      <criterion includeplatform="true" type="testsoverview" />
      <criterion type="threads" enabled="false" filterbyid="false" />
      <criterion type="timeframe">
        <timeframe start="0" end="9223372036854775807" type="Auto" />
      </criterion>
      <criterion useendtimefortimeframefilter="false" type="visits">
        <visitidset />
      </criterion>
      <criterion type="webpage">
        <textpattern name="timerName" type="contains" enabled="true" />
        <textpattern name="pageContext" type="contains" enabled="true" />
      </criterion>
      <criterion type="webrequest">
        <filteruripattern>
          <stringmatchpattern match="contains" text="" />
        </filteruripattern>
        <filterquerypattern>
          <stringmatchpattern match="contains" text="" />
        </filterquerypattern>
      </criterion>
    </filter>
    <autorefreshconfig unit="MINUTES" time="5" enabled="false" />
    <designconfig autoscroll="false" namefontsize="10" descriptionshow="true" headertype="DEFAULT" nameshow="true" descriptionfontstyle="NORMAL" namealignment="CENTER" namefontstyle="BOLD" descriptionfontsize="8" clienttheme="DEFAULT" descriptionfontcolor="128,128,128" descriptionalignment="CENTER" autoadjustfontsizes="false" />
    <dashboardlayout>
      <portletfolder selectionindex="0" relationtype="LEFT" portletconfigorder="d2695b94-4d6f-44e4-8e6f-98398f00d5ca" folderid="folder" relatedfolderid="DashboardLayout.blankArea" ratio="0.95">
        <designconfig namefontsize="10" descriptionshow="true" headertype="DEFAULT" nameshow="true" descriptionfontstyle="NORMAL" namealignment="CENTER" namefontstyle="BOLD" descriptionfontsize="8" inherited="true" descriptionfontcolor="128,128,128" descriptionalignment="CENTER" />
      </portletfolder>
    </dashboardlayout>
    <portletconfig usedashboardsourceforcompare="true" usespecificautorefresh="false" sessiontype="live" icon="com.dynatrace.diagnostics.sdk/default.gif" description="" sessionid="easyTravel" locationascomparesource="false" usedashboardsource="true" folderid="folder" locationassource="true" addfilterinfo="false" bgcolor="236,233,216,255" name="Browser Performance Report" ismaster="false" typeid="com.dynatrace.diagnostics.ria.PerformanceReport" id="d2695b94-4d6f-44e4-8e6f-98398f00d5ca" displaymode="Base">
      <reportconfig print.images="true" lines.per.table="100" override="false" print.legends="true" reportposition="1" enabled="true" levels.per.tree="10" />
      <filter>
        <criterion mode="all" type="agents" completepurepath="true">
          <textpattern name="agentname" type="contains" enabled="true" />
          <textpattern name="agenthost" type="contains" enabled="true" />
        </criterion>
        <criterion mode="all" excludeexternalsubpaths="false" type="api" />
        <criterion mode="all" type="applications" />
        <criterion pageenabled="false" timerenabled="false" type="browsersectionfilter">
          <timername>
            <stringmatchpattern match="contains" text="" />
          </timername>
          <pageurl>
            <stringmatchpattern match="contains" text="" />
          </pageurl>
        </criterion>
        <criterion type="btm" />
        <criterion mode="all" type="hosts" completepurepath="true" />
        <criterion mode="all" type="purepaths" />
        <criterion type="threads" enabled="false" filterbyid="false" />
        <criterion type="timeframe">
          <timeframe start="0" end="9223372036854775807" type="Auto" />
        </criterion>
        <criterion type="visits">
          <visitidset visitsidsetsize="0" />
        </criterion>
        <criterion type="webpage">
          <textpattern name="timerName" type="contains" enabled="true" />
          <textpattern name="pageContext" type="contains" enabled="true" />
        </criterion>
        <criterion type="webrequest">
          <filteruripattern>
            <stringmatchpattern match="contains" text="" />
          </filteruripattern>
          <filterquerypattern>
            <stringmatchpattern match="contains" text="" />
          </filterquerypattern>
        </criterion>
        <inheritancemap />
      </filter>
      <autorefreshconfig unit="MINUTES" time="5" enabled="false" />
      <sashconfig displayoption="CHART_AND_TABLE" weights="1,1" />
      <datamodelconfig displaytype="TIMER" selectedcategory="Best Practices">
        <table drawcolumn="-1" sortcolumn="0" columnorder="0,1,2,3,4,5,6,7,8,9,10,11,12,13,14,15,16,17,18,19,20" name="PerformanceReportTable">
          <column forcevisible="false" hidden="true" width="100" index="0" sort="None" />
          <column forcevisible="false" hidden="false" width="500" index="1" sort="None" />
          <column forcevisible="false" hidden="true" width="100" index="2" sort="None" />
          <column forcevisible="false" hidden="false" width="100" index="3" sort="None" />
          <column forcevisible="false" hidden="false" width="100" index="4" sort="None" />
          <column forcevisible="false" hidden="true" width="100" index="5" sort="None" />
          <column forcevisible="false" hidden="true" width="100" index="6" sort="None" />
          <column forcevisible="false" hidden="true" width="100" index="7" sort="None" />
          <column forcevisible="false" hidden="false" width="100" index="8" sort="None" />
          <column forcevisible="false" hidden="true" width="100" index="9" sort="None" />
          <column forcevisible="false" hidden="true" width="100" index="10" sort="None" />
          <column forcevisible="false" hidden="false" width="100" index="11" sort="None" />
          <column forcevisible="false" hidden="true" width="100" index="12" sort="None" />
          <column forcevisible="false" hidden="true" width="100" index="13" sort="None" />
          <column forcevisible="false" hidden="true" width="100" index="14" sort="None" />
          <column forcevisible="false" hidden="true" width="100" index="15" sort="None" />
          <column forcevisible="false" hidden="true" width="100" index="16" sort="None" />
          <column forcevisible="false" hidden="false" width="100" index="17" sort="None" />
          <column forcevisible="false" hidden="false" width="100" index="18" sort="None" />
          <column forcevisible="false" hidden="true" width="100" index="19" sort="None" />
          <column forcevisible="false" hidden="false" width="100" index="20" sort="None" />
        </table>
      </datamodelconfig>
      <analyzerparameters analyzerrecordlimit="1000" />
      <trafficbydomain>
        <table drawcolumn="-1" sortcolumn="3" columnorder="0,1,2,3,4,5,6,7,8,9,10" name="TrafficByContentTypeTableConfig">
          <column forcevisible="false" hidden="false" width="20" index="0" sort="None" />
          <column forcevisible="false" hidden="false" width="200" index="1" sort="None" />
          <column forcevisible="false" hidden="false" width="70" index="2" sort="None" />
          <column forcevisible="false" hidden="false" width="70" index="3" sort="Down" />
          <column forcevisible="false" hidden="false" width="70" index="4" sort="None" />
          <column forcevisible="false" hidden="false" width="70" index="5" sort="None" />
          <column forcevisible="false" hidden="false" width="70" index="6" sort="None" />
          <column forcevisible="false" hidden="false" width="85" index="7" sort="None" />
          <column forcevisible="false" hidden="false" width="90" index="8" sort="None" />
          <column forcevisible="false" hidden="false" width="85" index="9" sort="None" />
          <column forcevisible="false" hidden="false" width="80" index="10" sort="None" />
        </table>
      </trafficbydomain>
      <serversidewebrequests>
        <table drawcolumn="-1" sortcolumn="9" columnorder="26,0,1,2,3,4,5,27,6,7,8,9,10,11,12,13,14,15,16,17,18,19,20,21,22,23,24,25" name="Web Requests">
          <column forcevisible="false" hidden="false" width="20" index="0" sort="None" />
          <column forcevisible="false" hidden="false" width="100" index="1" sort="None" />
          <column forcevisible="false" hidden="false" width="100" index="2" sort="None" />
          <column forcevisible="false" hidden="true" width="100" index="3" sort="None" />
          <column forcevisible="false" hidden="false" width="100" index="4" sort="None" />
          <column forcevisible="false" hidden="false" width="80" index="5" sort="None" />
          <column forcevisible="false" hidden="true" width="80" index="6" sort="None" />
          <column forcevisible="false" hidden="true" width="80" index="7" sort="None" />
          <column forcevisible="false" hidden="true" width="80" index="8" sort="None" />
          <column forcevisible="false" hidden="false" width="80" index="9" sort="Down" />
          <column forcevisible="false" hidden="true" width="80" index="10" sort="None" />
          <column forcevisible="false" hidden="true" width="80" index="11" sort="None" />
          <column forcevisible="false" hidden="true" width="80" index="12" sort="None" />
          <column forcevisible="false" hidden="true" width="80" index="13" sort="None" />
          <column forcevisible="false" hidden="true" width="100" index="14" sort="None" />
          <column forcevisible="false" hidden="true" width="100" index="15" sort="None" />
          <column forcevisible="false" hidden="true" width="100" index="16" sort="None" />
          <column forcevisible="false" hidden="false" width="100" index="17" sort="None" />
          <column forcevisible="false" hidden="true" width="100" index="18" sort="None" />
          <column forcevisible="false" hidden="true" width="100" index="19" sort="None" />
          <column forcevisible="false" hidden="true" width="100" index="20" sort="None" />
          <column forcevisible="false" hidden="true" width="100" index="21" sort="None" />
          <column forcevisible="false" hidden="true" width="90" index="22" sort="None" />
          <column forcevisible="false" hidden="true" width="90" index="23" sort="None" />
          <column forcevisible="false" hidden="true" width="90" index="24" sort="None" />
          <column forcevisible="false" hidden="false" width="90" index="25" sort="None" />
          <column forcevisible="false" hidden="false" width="20" index="26" sort="None" />
          <column forcevisible="false" hidden="false" width="90" index="27" sort="None" />
        </table>
      </serversidewebrequests>
      <contributortable>
        <table drawcolumn="-1" sortcolumn="2" columnorder="0,1,2,3" name="ContributorTable">
          <column forcevisible="false" hidden="false" width="200" index="0" sort="None" />
          <column forcevisible="false" hidden="false" width="100" index="1" sort="None" />
          <column forcevisible="false" hidden="false" width="100" index="2" sort="Down" />
          <column forcevisible="false" hidden="true" width="100" index="3" sort="None" />
        </table>
      </contributortable>
      <backwardtable>
        <table drawcolumn="-1" sortcolumn="2" columnorder="0,1,2,3" name="ContributorTable">
          <column forcevisible="false" hidden="false" width="200" index="0" sort="None" />
          <column forcevisible="false" hidden="false" width="100" index="1" sort="None" />
          <column forcevisible="false" hidden="false" width="100" index="2" sort="Down" />
          <column forcevisible="false" hidden="true" width="100" index="3" sort="None" />
        </table>
      </backwardtable>
      <cachedresources>
        <table drawcolumn="-1" sortcolumn="3" columnorder="0,1,2,3,4,5" name="UncachedShortlyCachedTableConfig">
          <column forcevisible="false" hidden="false" width="20" index="0" sort="None" />
          <column forcevisible="false" hidden="false" width="300" index="1" sort="None" />
          <column forcevisible="false" hidden="false" width="80" index="2" sort="None" />
          <column forcevisible="false" hidden="false" width="80" index="3" sort="Down" />
          <column forcevisible="false" hidden="false" width="120" index="4" sort="None" />
          <column forcevisible="false" hidden="false" width="180" index="5" sort="None" />
        </table>
      </cachedresources>
      <avoidablerequests>
        <table structuremode="default" drawcolumn="-1" sortcolumn="2" columnorder="0,1,2,3,4,5,6" name="UncachedShortlyCachedTableConfig">
          <column forcevisible="false" hidden="false" width="300" index="0" sort="None" />
          <column forcevisible="false" hidden="false" width="80" index="1" sort="None" />
          <column forcevisible="false" hidden="false" width="80" index="2" sort="Down" />
          <column forcevisible="false" hidden="false" width="120" index="3" sort="None" />
          <column forcevisible="false" hidden="false" width="180" index="4" sort="None" />
          <column forcevisible="false" hidden="false" width="180" index="5" sort="None" />
          <column forcevisible="false" hidden="false" width="180" index="6" sort="None" />
        </table>
      </avoidablerequests>
      <forwardtable>
        <table drawcolumn="-1" sortcolumn="2" columnorder="0,1,2,3" name="ContributorTable">
          <column forcevisible="false" hidden="false" width="200" index="0" sort="None" />
          <column forcevisible="false" hidden="false" width="100" index="1" sort="None" />
          <column forcevisible="false" hidden="false" width="100" index="2" sort="Down" />
          <column forcevisible="false" hidden="true" width="100" index="3" sort="None" />
        </table>
      </forwardtable>
      <trafficbycontenttype>
        <table drawcolumn="-1" sortcolumn="2" columnorder="0,1,2,3,4,5,6,7,8,9" name="TrafficByContentTypeTableConfig">
          <column forcevisible="false" hidden="false" width="20" index="0" sort="None" />
          <column forcevisible="false" hidden="false" width="200" index="1" sort="None" />
          <column forcevisible="false" hidden="false" width="70" index="2" sort="Down" />
          <column forcevisible="false" hidden="false" width="70" index="3" sort="None" />
          <column forcevisible="false" hidden="false" width="70" index="4" sort="None" />
          <column forcevisible="false" hidden="false" width="70" index="5" sort="None" />
          <column forcevisible="false" hidden="false" width="70" index="6" sort="None" />
          <column forcevisible="false" hidden="false" width="70" index="7" sort="None" />
          <column forcevisible="false" hidden="false" width="70" index="8" sort="None" />
          <column forcevisible="false" hidden="false" width="70" index="9" sort="None" />
        </table>
      </trafficbycontenttype>
    </portletconfig>
  </dashboardconfig>
</dynatrace>
