<?xml version="1.0" encoding="UTF-8"?>
<!-- ATTENTION - THIS IS AN AUTOMATICALLY GENERATED FILE -->
<!-- Manual changes can cause severe problems and system instability -->
<!-- Apply manual changes only if you have received explicit instructions from Dynatrace Support -->
<dynatrace version="6.5.0.1289" date="12/22/16 12:48 PM">
  <dashboardconfig memento.version="6.5.0.1289" suppresssavewarning="false" created="2011-03-10T04:08:03-0600" sessiontype="live" icon="com.dynatrace.diagnostics.portlets/icons/transaction.gif" description="" modifiedbyname="admin" locationascomparesource="false" sessionid="easyTravel" opendrilldowninnewdashboard="true" groupname="" autoreplacesession="false" revision="00000159-27dd-132f-aecd-acb5730f03ff" locationassource="true" localizationenabled="false" name="easyTravel Business Transactions" authorname="dynaTrace" modified="2016-12-22T12:48:36-0600" id="94376cf4-8542-45f6-9c37-4ccf0ebcbcab">
    <reportconfig print.images="true" formatpdf="com.dynatrace.diagnostics.report.velocity.format.pdfrenderer" orientation="portrait" description="" title="" type="HTML" enabled="true" formathtml="com.dynatrace.diagnostics.report.velocity.format.htmlrenderer" lines.per.table="200" pagesize="A4" override="false" optimizeequalcolumns="true" print.legends="true" levels.per.tree="10" />
    <filter>
      <criterion type="admfilteranalyzer" />
      <criterion mode="all" type="agents" completepurepath="true">
        <textpattern name="agentname" type="contains" enabled="true" />
        <textpattern name="agenthost" type="contains" enabled="true" />
      </criterion>
      <criterion type="and" />
      <criterion mode="all" excludeexternalsubpaths="false" type="api" />
      <criterion mode="all" type="applications" />
      <criterion type="btm" />
      <criterion type="casuemdimension" />
      <criterion type="dbdetails" />
      <criterion intervalend="0" intervalstart="0" type="dcrumdimension" filterinterval="false" />
      <criterion analyzeserverpath="true" analyzeclienterrors="false" isactive="true" analyzeenduserpath="true" type="enduserpath" />
      <criterion mode="all" type="hosts" completepurepath="true" />
      <criterion severitiesmode="all" statesmode="all" type="incident" rulesmode="all" severities="" states="" />
      <criterion type="or" />
      <criterion mode="all" enduser="false" type="purepaths" />
      <criterion includemeasurename="true" includeplatform="true" includetestname="true" teststatus="FAILED,INVALIDATED,VOLATILE,DEGRADED,IMPROVED,MISSING,passed" type="tests" testcategory="UNIT,BROWSER_TIMER,BROWSER_AUTO_TIMER,PERFORMANCE,LOAD,WEB_API,EXTERNAL" />
      <criterion includeplatform="true" type="testsoverview" />
      <criterion type="threads" enabled="false" filterbyid="false" />
      <criterion type="timeframe">
        <timeframe type="Last 30min" />
      </criterion>
      <criterion useendtimefortimeframefilter="false" type="visits">
        <visitidset />
      </criterion>
      <criterion type="webpage">
        <textpattern name="timerName" type="contains" enabled="true" />
        <textpattern name="pageContext" type="contains" enabled="true" />
      </criterion>
      <criterion type="webrequest">
        <filteruripattern>
          <stringmatchpattern match="contains" text="" />
        </filteruripattern>
        <filterquerypattern>
          <stringmatchpattern match="contains" text="" />
        </filterquerypattern>
      </criterion>
    </filter>
    <autorefreshconfig unit="MINUTES" time="5" enabled="false" />
    <designconfig autoscroll="false" namefontsize="10" descriptionshow="true" headertype="DEFAULT" nameshow="true" descriptionfontstyle="NORMAL" namealignment="CENTER" namefontstyle="BOLD" descriptionfontsize="8" clienttheme="DEFAULT" descriptionfontcolor="128,128,128" descriptionalignment="CENTER" autoadjustfontsizes="false" />
    <dashboardlayout>
      <portletfolder selectionindex="0" relationtype="LEFT" portletconfigorder="fa41e838-a696-4a66-a29e-a3d5ff0ead02" folderid="fbfdb6a5-10b6-44e3-9e50-fa982302684c" relatedfolderid="DashboardLayout.blankArea" ratio="0.95">
        <designconfig namefontsize="10" descriptionshow="true" headertype="CUSTOM" nameshow="true" descriptionfontstyle="NORMAL" namealignment="CENTER" namefontstyle="BOLD" descriptionfontsize="8" inherited="false" descriptionfontcolor="128,128,128" descriptionalignment="CENTER" />
      </portletfolder>
      <portletfolder selectionindex="0" relationtype="BOTTOM" portletconfigorder="c1b1df70-2d51-4858-b78e-fd82a40b5b79" folderid="org.eclipse.ui.internal.ViewStack@17ca19f" relatedfolderid="fbfdb6a5-10b6-44e3-9e50-fa982302684c" ratio="0.3295562">
        <designconfig namefontsize="10" descriptionshow="true" headertype="CUSTOM" nameshow="true" descriptionfontstyle="NORMAL" namealignment="CENTER" namefontstyle="BOLD" descriptionfontsize="8" inherited="false" descriptionfontcolor="128,128,128" descriptionalignment="CENTER" />
      </portletfolder>
      <portletfolder selectionindex="0" relationtype="BOTTOM" portletconfigorder="cc3c193f-c7f7-456c-aacb-ac7b20e0e982" folderid="org.eclipse.ui.internal.ViewStack@11d3cc8" relatedfolderid="org.eclipse.ui.internal.ViewStack@17ca19f" ratio="0.49718308">
        <designconfig namefontsize="10" descriptionshow="true" headertype="CUSTOM" nameshow="true" descriptionfontstyle="NORMAL" namealignment="CENTER" namefontstyle="BOLD" descriptionfontsize="8" inherited="false" descriptionfontcolor="128,128,128" descriptionalignment="CENTER" />
      </portletfolder>
    </dashboardlayout>
    <portletconfig usedashboardsourceforcompare="true" usespecificautorefresh="false" sessiontype="live" icon="com.dynatrace.diagnostics.sdk/default.gif" description="" locationascomparesource="false" sessionid="easyTravel" usedashboardsource="true" folderid="org.eclipse.ui.internal.ViewStack@17ca19f" locationassource="true" addfilterinfo="false" name="easyTravel Trip Search by User" ismaster="false" typeid="com.dynatrace.diagnostics.portlets.transaction.Transaction" id="c1b1df70-2d51-4858-b78e-fd82a40b5b79" displaymode="Base">
      <reportconfig print.images="true" lines.per.table="200" override="false" optimizeequalcolumns="true" print.legends="true" reportposition="2" enabled="true" levels.per.tree="10" />
      <filter>
        <criterion mode="all" type="agents" completepurepath="true">
          <textpattern name="agentname" type="contains" enabled="true" />
          <textpattern name="agenthost" type="contains" enabled="true" />
        </criterion>
        <criterion mode="INACTIVE" type="analysiscache" />
        <criterion type="and" />
        <criterion mode="all" excludeexternalsubpaths="false" type="api" />
        <criterion mode="all" type="applications" />
        <criterion type="btm" />
        <criterion type="casuemdimension" />
        <criterion type="dbdetails" />
        <criterion intervalend="0" intervalstart="0" type="dcrumdimension" filterinterval="false" />
        <criterion mode="all" type="hosts" completepurepath="true" />
        <criterion type="or" />
        <criterion mode="all" enduser="false" type="purepaths" />
        <criterion type="threads" enabled="false" filterbyid="false" />
        <criterion type="timeframe">
          <timeframe type="Last 30min" />
        </criterion>
        <criterion customdefaultcolumnindex="0" columnlabel="" columnindex="0" isactive="false" sort="highestValues" type="topx" maxnrofrecords="10" customdefaultcolumnlabel="" />
        <criterion useendtimefortimeframefilter="false" type="visits">
          <visitidset />
        </criterion>
        <criterion type="webpage">
          <textpattern name="timerName" type="contains" enabled="true" />
          <textpattern name="pageContext" type="contains" enabled="true" />
        </criterion>
        <criterion type="webrequest">
          <filteruripattern>
            <stringmatchpattern match="contains" text="" />
          </filteruripattern>
          <filterquerypattern>
            <stringmatchpattern match="contains" text="" />
          </filterquerypattern>
        </criterion>
        <inheritancemap />
      </filter>
      <autorefreshconfig unit="MINUTES" time="5" enabled="false" />
      <sashconfig displayoption="TABLE" weights="500,500" />
      <datamodelconfig>
        <table sortcolumn="4" drawcolumn="-1" columnorder="0,1,2,3,4,5,6,7,8,9,10,11,12,13,14,15,16,17,18,19,20,21,22,23,24">
          <dyncolumns>
            <dyntablecolumn unit="ms" name="PurePath Response Time" id="" aggr="Count" />
            <dyntablecolumn unit="ms" name="PurePath Response Time" id="" aggr="Avg" />
            <dyntablecolumn unit="ms" name="PurePath Response Time" id="" aggr="Min" />
            <dyntablecolumn unit="ms" name="PurePath Response Time" id="" aggr="Max" />
            <dyntablecolumn unit="ms" name="PurePath Response Time" id="" aggr="Sum" />
          </dyncolumns>
          <column forcevisible="false" hidden="true" width="160" index="0" sort="None" />
          <column forcevisible="false" hidden="true" width="160" index="1" sort="None" />
          <column forcevisible="false" hidden="false" width="100" index="2" sort="Up" />
          <column forcevisible="false" hidden="false" width="100" index="3" sort="Down" />
          <column forcevisible="true" hidden="false" width="130" index="4" sort="Down" />
          <column forcevisible="false" hidden="true" width="130" index="5" sort="None" />
          <column forcevisible="false" hidden="true" width="130" index="6" sort="None" />
          <column forcevisible="false" hidden="true" width="130" index="7" sort="None" />
          <column forcevisible="false" hidden="true" width="130" index="8" sort="None" />
          <column forcevisible="false" hidden="true" width="130" index="9" sort="None" />
          <column forcevisible="false" hidden="true" width="130" index="10" sort="None" />
          <column forcevisible="false" hidden="true" width="130" index="11" sort="None" />
          <column forcevisible="false" hidden="true" width="160" index="12" sort="None" />
          <column forcevisible="false" hidden="true" width="130" index="13" sort="None" />
          <column forcevisible="false" hidden="true" width="130" index="14" sort="None" />
          <column forcevisible="false" hidden="true" width="130" index="15" sort="None" />
          <column forcevisible="false" hidden="true" width="130" index="16" sort="None" />
          <column forcevisible="false" hidden="true" width="123" index="17" sort="None" />
          <column forcevisible="false" hidden="false" width="125" index="18" sort="Down" />
          <column forcevisible="false" hidden="false" width="132" index="19" sort="None" />
          <column forcevisible="false" hidden="true" width="130" index="20" sort="None" />
          <column forcevisible="false" hidden="false" width="147" index="21" sort="Down" />
          <column forcevisible="false" hidden="true" width="130" index="22" sort="None" />
          <column forcevisible="false" hidden="true" width="130" index="23" sort="None" />
          <column forcevisible="false" hidden="false" width="130" index="24" sort="None" />
        </table>
      </datamodelconfig>
      <analyzerparameters analyzerrecordlimit="-1" requiredrilldowndata="true" context="SERVER" transaction="easyTravel Trip Search by User" />
      <chart axis.x.title="" axis.y.title.show="false" showtooltips="true" bounds.y.enabled="false" showvalues="false" showtitle="true" logxaxis="false" title="Count" resolution="Auto" axis.x.show="true" maxsplitcharts="10" showname="true" maxdisplayitems="10" zoomable="false" charttype="PieChart" aggregation.absolute="false" showheatfield="true" axis.y.show="true" isentitymarkable="false" orientation="Horizontal" yaxisalignment="0" legendposition="Bottom" axis.x.title.show="false" axis.y.title="" splitcharts="false" limititems="true" showlegend="false" lockyaxis="true" showlabels="true">
        <legendcomposition measure="true">
          <pielabelcomposition measure="true" value="true" />
        </legendcomposition>
        <splitconfig splitlayout="Horizontal" splitmode="AgentGroup" />
      </chart>
    </portletconfig>
    <portletconfig usedashboardsourceforcompare="true" usespecificautorefresh="false" sessiontype="live" icon="com.dynatrace.diagnostics.sdk/default.gif" description="" locationascomparesource="false" sessionid="easyTravel" usedashboardsource="true" folderid="org.eclipse.ui.internal.ViewStack@11d3cc8" locationassource="true" addfilterinfo="false" name="easyTravel Bookings by User" ismaster="false" typeid="com.dynatrace.diagnostics.portlets.transaction.Transaction" id="cc3c193f-c7f7-456c-aacb-ac7b20e0e982" displaymode="Base">
      <reportconfig print.images="true" lines.per.table="200" override="false" optimizeequalcolumns="true" print.legends="true" reportposition="3" enabled="true" levels.per.tree="10" />
      <filter>
        <criterion mode="all" type="agents" completepurepath="true">
          <textpattern name="agentname" type="contains" enabled="true" />
          <textpattern name="agenthost" type="contains" enabled="true" />
        </criterion>
        <criterion mode="INACTIVE" type="analysiscache" />
        <criterion type="and" />
        <criterion mode="all" excludeexternalsubpaths="false" type="api" />
        <criterion mode="all" type="applications" />
        <criterion type="btm" />
        <criterion type="casuemdimension" />
        <criterion type="dbdetails" />
        <criterion intervalend="0" intervalstart="0" type="dcrumdimension" filterinterval="false" />
        <criterion mode="all" type="hosts" completepurepath="true" />
        <criterion type="or" />
        <criterion mode="all" enduser="false" type="purepaths" />
        <criterion type="threads" enabled="false" filterbyid="false" />
        <criterion type="timeframe">
          <timeframe type="Last 30min" />
        </criterion>
        <criterion customdefaultcolumnindex="0" columnlabel="" columnindex="0" isactive="false" sort="highestValues" type="topx" maxnrofrecords="10" customdefaultcolumnlabel="" />
        <criterion useendtimefortimeframefilter="false" type="visits">
          <visitidset />
        </criterion>
        <criterion type="webpage">
          <textpattern name="timerName" type="contains" enabled="true" />
          <textpattern name="pageContext" type="contains" enabled="true" />
        </criterion>
        <criterion type="webrequest">
          <filteruripattern>
            <stringmatchpattern match="contains" text="" />
          </filteruripattern>
          <filterquerypattern>
            <stringmatchpattern match="contains" text="" />
          </filterquerypattern>
        </criterion>
        <inheritancemap />
      </filter>
      <autorefreshconfig unit="MINUTES" time="5" enabled="false" />
      <sashconfig displayoption="TABLE" weights="500,500" />
      <datamodelconfig>
        <table sortcolumn="4" drawcolumn="-1" columnorder="0,1,2,3,4,5,6,7,8,9,10,11,12,13,14,15,16,17,18,19,20,21,22,23,24,25,26,27,28,29">
          <dyncolumns>
            <dyntablecolumn unit="ms" name="PurePath Response Time" id="" aggr="Count" />
            <dyntablecolumn unit="ms" name="PurePath Response Time" id="" aggr="Avg" />
            <dyntablecolumn unit="ms" name="PurePath Response Time" id="" aggr="Min" />
            <dyntablecolumn unit="ms" name="PurePath Response Time" id="" aggr="Max" />
            <dyntablecolumn unit="ms" name="PurePath Response Time" id="" aggr="Sum" />
            <dyntablecolumn unit="num" name="Revenue" id="" aggr="Count" />
            <dyntablecolumn unit="num" name="Revenue" id="" aggr="Avg" />
            <dyntablecolumn unit="num" name="Revenue" id="" aggr="Min" />
            <dyntablecolumn unit="num" name="Revenue" id="" aggr="Max" />
            <dyntablecolumn unit="num" name="Revenue" id="" aggr="Sum" />
          </dyncolumns>
          <column forcevisible="false" hidden="true" width="160" index="0" sort="None" />
          <column forcevisible="false" hidden="true" width="160" index="1" sort="None" />
          <column forcevisible="false" hidden="false" width="100" index="2" sort="None" />
          <column forcevisible="false" hidden="false" width="100" index="3" sort="Down" />
          <column forcevisible="true" hidden="false" width="131" index="4" sort="Down" />
          <column forcevisible="false" hidden="true" width="130" index="5" sort="None" />
          <column forcevisible="false" hidden="true" width="130" index="6" sort="None" />
          <column forcevisible="false" hidden="true" width="130" index="7" sort="None" />
          <column forcevisible="false" hidden="true" width="130" index="8" sort="None" />
          <column forcevisible="false" hidden="true" width="130" index="9" sort="None" />
          <column forcevisible="false" hidden="true" width="130" index="10" sort="None" />
          <column forcevisible="false" hidden="true" width="130" index="11" sort="None" />
          <column forcevisible="false" hidden="true" width="160" index="12" sort="None" />
          <column forcevisible="false" hidden="true" width="130" index="13" sort="None" />
          <column forcevisible="false" hidden="true" width="130" index="14" sort="None" />
          <column forcevisible="false" hidden="true" width="130" index="15" sort="None" />
          <column forcevisible="false" hidden="true" width="130" index="16" sort="None" />
          <column forcevisible="false" hidden="true" width="123" index="17" sort="None" />
          <column forcevisible="false" hidden="false" width="90" index="18" sort="None" />
          <column forcevisible="true" hidden="false" width="130" index="19" sort="None" />
          <column forcevisible="false" hidden="true" width="130" index="20" sort="None" />
          <column forcevisible="true" hidden="false" width="130" index="21" sort="None" />
          <column forcevisible="false" hidden="true" width="130" index="22" sort="None" />
          <column forcevisible="false" hidden="true" width="130" index="23" sort="None" />
          <column forcevisible="true" hidden="false" width="130" index="24" sort="None" />
          <column forcevisible="false" hidden="true" width="130" index="25" sort="None" />
          <column forcevisible="false" hidden="true" width="130" index="26" sort="None" />
          <column forcevisible="false" hidden="true" width="130" index="27" sort="None" />
          <column forcevisible="false" hidden="true" width="130" index="28" sort="None" />
          <column forcevisible="false" hidden="false" width="130" index="29" sort="None" />
        </table>
      </datamodelconfig>
      <analyzerparameters analyzerrecordlimit="10000" requiredrilldowndata="true" context="SERVER" transaction="easyTravel Bookings by User" />
      <chart axis.x.title="" axis.y.title.show="false" showtooltips="true" bounds.y.enabled="false" showvalues="false" showtitle="true" logxaxis="false" title="Count" resolution="Auto" axis.x.show="true" maxsplitcharts="10" showname="true" maxdisplayitems="10" zoomable="false" charttype="PieChart" aggregation.absolute="false" showheatfield="true" axis.y.show="true" isentitymarkable="false" orientation="Horizontal" yaxisalignment="0" legendposition="Bottom" axis.x.title.show="false" axis.y.title="" splitcharts="false" limititems="true" showlegend="true" lockyaxis="true" showlabels="true">
        <legendcomposition measure="true">
          <pielabelcomposition unit="true" measure="true" value="true" />
        </legendcomposition>
        <splitconfig splitlayout="Horizontal" splitmode="PerSeries" />
      </chart>
    </portletconfig>
    <portletconfig usedashboardsourceforcompare="true" usespecificautorefresh="false" sessiontype="live" icon="com.dynatrace.diagnostics.sdk/default.gif" description="" locationascomparesource="false" sessionid="easyTravel" usedashboardsource="true" folderid="fbfdb6a5-10b6-44e3-9e50-fa982302684c" locationassource="true" addfilterinfo="false" name="easyTravel Logins by Username" ismaster="false" typeid="com.dynatrace.diagnostics.portlets.transaction.Transaction" id="fa41e838-a696-4a66-a29e-a3d5ff0ead02" displaymode="Base">
      <reportconfig print.images="true" lines.per.table="200" override="false" optimizeequalcolumns="true" print.legends="true" reportposition="1" enabled="true" levels.per.tree="10" />
      <filter>
        <criterion mode="all" type="agents" completepurepath="true">
          <textpattern name="agentname" type="contains" enabled="true" />
          <textpattern name="agenthost" type="contains" enabled="true" />
        </criterion>
        <criterion mode="INACTIVE" type="analysiscache" />
        <criterion type="and" />
        <criterion mode="all" excludeexternalsubpaths="false" type="api" />
        <criterion mode="all" type="applications" />
        <criterion type="btm" />
        <criterion type="casuemdimension" />
        <criterion type="dbdetails" />
        <criterion intervalend="0" intervalstart="0" type="dcrumdimension" filterinterval="false" />
        <criterion mode="all" type="hosts" completepurepath="true" />
        <criterion type="or" />
        <criterion mode="all" enduser="false" type="purepaths" />
        <criterion type="threads" enabled="false" filterbyid="false" />
        <criterion type="timeframe">
          <timeframe type="Last 30min" />
        </criterion>
        <criterion customdefaultcolumnindex="0" columnlabel="" columnindex="0" isactive="false" sort="highestValues" type="topx" maxnrofrecords="10" customdefaultcolumnlabel="" />
        <criterion useendtimefortimeframefilter="false" type="visits">
          <visitidset />
        </criterion>
        <criterion type="webpage">
          <textpattern name="timerName" type="contains" enabled="true" />
          <textpattern name="pageContext" type="contains" enabled="true" />
        </criterion>
        <criterion type="webrequest">
          <filteruripattern>
            <stringmatchpattern match="contains" text="" />
          </filteruripattern>
          <filterquerypattern>
            <stringmatchpattern match="contains" text="" />
          </filterquerypattern>
        </criterion>
        <inheritancemap />
      </filter>
      <autorefreshconfig unit="MINUTES" time="5" enabled="false" />
      <sashconfig displayoption="TABLE" weights="500,500" />
      <datamodelconfig>
        <table sortcolumn="4" drawcolumn="-1" columnorder="0,1,2,3,4,5,6,7,8,9,10,11,12,13,14,15,16,17,18,19,20,21,22,23,24">
          <dyncolumns>
            <dyntablecolumn unit="ms" name="PurePath Response Time" id="" aggr="Count" />
            <dyntablecolumn unit="ms" name="PurePath Response Time" id="" aggr="Avg" />
            <dyntablecolumn unit="ms" name="PurePath Response Time" id="" aggr="Min" />
            <dyntablecolumn unit="ms" name="PurePath Response Time" id="" aggr="Max" />
            <dyntablecolumn unit="ms" name="PurePath Response Time" id="" aggr="Sum" />
          </dyncolumns>
          <column forcevisible="false" hidden="true" width="160" index="0" sort="None" />
          <column forcevisible="false" hidden="true" width="160" index="1" sort="None" />
          <column forcevisible="false" hidden="false" width="100" index="2" sort="Up" />
          <column forcevisible="false" hidden="false" width="100" index="3" sort="Down" />
          <column forcevisible="true" hidden="false" width="130" index="4" sort="Down" />
          <column forcevisible="false" hidden="true" width="130" index="5" sort="None" />
          <column forcevisible="false" hidden="true" width="130" index="6" sort="None" />
          <column forcevisible="false" hidden="true" width="130" index="7" sort="None" />
          <column forcevisible="false" hidden="true" width="130" index="8" sort="None" />
          <column forcevisible="false" hidden="true" width="130" index="9" sort="None" />
          <column forcevisible="false" hidden="true" width="130" index="10" sort="None" />
          <column forcevisible="false" hidden="true" width="130" index="11" sort="None" />
          <column forcevisible="false" hidden="true" width="160" index="12" sort="None" />
          <column forcevisible="false" hidden="true" width="130" index="13" sort="None" />
          <column forcevisible="false" hidden="true" width="130" index="14" sort="None" />
          <column forcevisible="false" hidden="true" width="130" index="15" sort="None" />
          <column forcevisible="false" hidden="true" width="130" index="16" sort="None" />
          <column forcevisible="false" hidden="true" width="124" index="17" sort="None" />
          <column forcevisible="false" hidden="false" width="130" index="18" sort="Down" />
          <column forcevisible="false" hidden="false" width="125" index="19" sort="None" />
          <column forcevisible="false" hidden="true" width="130" index="20" sort="None" />
          <column forcevisible="false" hidden="false" width="146" index="21" sort="Down" />
          <column forcevisible="false" hidden="true" width="130" index="22" sort="None" />
          <column forcevisible="false" hidden="true" width="130" index="23" sort="None" />
          <column forcevisible="false" hidden="false" width="130" index="24" sort="None" />
        </table>
      </datamodelconfig>
      <analyzerparameters analyzerrecordlimit="-1" requiredrilldowndata="true" context="SERVER" transaction="easyTravel Logins by Username" />
      <chart axis.x.title="" axis.y.title.show="false" showtooltips="true" bounds.y.enabled="false" showvalues="false" showtitle="true" logxaxis="false" title="Count" resolution="Auto" axis.x.show="true" maxsplitcharts="10" showname="true" maxdisplayitems="10" zoomable="false" charttype="PieChart" aggregation.absolute="false" showheatfield="true" axis.y.show="true" isentitymarkable="false" orientation="Horizontal" yaxisalignment="0" legendposition="Bottom" axis.x.title.show="false" axis.y.title="" splitcharts="false" limititems="true" showlegend="false" lockyaxis="true" showlabels="true">
        <legendcomposition measure="true">
          <pielabelcomposition measure="true" value="true" />
        </legendcomposition>
        <splitconfig splitlayout="Horizontal" splitmode="AgentGroup" />
      </chart>
    </portletconfig>
  </dashboardconfig>
</dynatrace>
