<?xml version="1.0" encoding="UTF-8"?>
<!-- ATTENTION - THIS IS AN AUTOMATICALLY GENERATED FILE -->
<!-- Manual changes can cause severe problems and system instability -->
<!-- Apply manual changes only if you have received explicit instructions from Dynatrace Support -->
<dynatrace version="6.5.0.1289" date="12/22/16 12:48 PM">
  <dashboardconfig memento.version="6.5.0.1289" suppresssavewarning="false" created="2013-05-15T10:31:01-0500" sessiontype="live" icon="com.dynatrace.diagnostics.sdk/default_16x16.png" description="" modifiedbyname="cwat-moehler" locationascomparesource="false" sessionid="easyTravel" opendrilldowninnewdashboard="true" groupname="" autoreplacesession="false" revision="00000159-27dd-1477-a9a1-e5182fcde59d" locationassource="true" localizationenabled="false" name="easyTravel Trip Analysis" authorname="dynaTrace" modified="2016-12-22T12:48:37-0600" id="8dc4a179-fcdd-4c05-8f0d-19fe51c31624">
    <reportconfig print.images="true" formatpdf="com.dynatrace.diagnostics.report.velocity.format.pdfrenderer" orientation="portrait" description="" title="" type="PDF" enabled="true" formathtml="com.dynatrace.diagnostics.report.velocity.format.htmlrenderer" lines.per.table="100" pagesize="A4" override="false" optimizeequalcolumns="true" print.legends="true" levels.per.tree="10" />
    <filter>
      <criterion type="admfilteranalyzer" />
      <criterion mode="all" type="agents" completepurepath="true">
        <textpattern name="agentname" type="contains" enabled="true" />
        <textpattern name="agenthost" type="contains" enabled="true" />
      </criterion>
      <criterion type="and" />
      <criterion mode="all" excludeexternalsubpaths="false" type="api" />
      <criterion mode="all" type="applications" />
      <criterion type="btm" />
      <criterion type="casuemdimension" />
      <criterion type="dbdetails" />
      <criterion intervalend="0" intervalstart="0" type="dcrumdimension" filterinterval="false" />
      <criterion analyzeserverpath="true" analyzeclienterrors="false" isactive="true" analyzeenduserpath="true" type="enduserpath" />
      <criterion mode="all" type="hosts" completepurepath="true" />
      <criterion severitiesmode="all" statesmode="all" type="incident" rulesmode="all" severities="" states="" />
      <criterion type="or" />
      <criterion mode="all" enduser="false" type="purepaths" />
      <criterion includemeasurename="true" includeplatform="true" includetestname="true" teststatus="FAILED,INVALIDATED,VOLATILE,DEGRADED,IMPROVED,MISSING,passed" type="tests" testcategory="UNIT,BROWSER_TIMER,BROWSER_AUTO_TIMER,PERFORMANCE,LOAD,WEB_API,EXTERNAL" />
      <criterion includeplatform="true" type="testsoverview" />
      <criterion type="threads" enabled="false" filterbyid="false" />
      <criterion type="timeframe">
        <timeframe type="Last 30min" />
      </criterion>
      <criterion useendtimefortimeframefilter="false" type="visits">
        <visitidset />
      </criterion>
      <criterion type="webpage">
        <textpattern name="timerName" type="contains" enabled="true" />
        <textpattern name="pageContext" type="contains" enabled="true" />
      </criterion>
      <criterion type="webrequest">
        <filteruripattern>
          <stringmatchpattern match="contains" text="" />
        </filteruripattern>
        <filterquerypattern>
          <stringmatchpattern match="contains" text="" />
        </filterquerypattern>
      </criterion>
    </filter>
    <autorefreshconfig unit="MINUTES" time="5" enabled="false" />
    <designconfig autoscroll="false" namefontsize="10" descriptionshow="true" headertype="DEFAULT" nameshow="true" descriptionfontstyle="NORMAL" namealignment="CENTER" namefontstyle="BOLD" descriptionfontsize="8" clienttheme="DEFAULT" descriptionfontcolor="128,128,128" descriptionalignment="CENTER" autoadjustfontsizes="false" />
    <dashboardlayout>
      <portletfolder selectionindex="0" relationtype="LEFT" portletconfigorder="6f3d89b8-7ac1-41b9-a784-23a15c51f2d1" folderid="org.eclipse.ui.internal.ViewStack@1659666" relatedfolderid="DashboardLayout.blankArea" ratio="0.95">
        <designconfig namefontsize="18" descriptionshow="true" headertype="CUSTOM" nameshow="true" descriptionfontstyle="NORMAL" namealignment="CENTER" namefontstyle="BOLD" descriptionfontsize="8" inherited="false" descriptionfontcolor="128,128,128" descriptionalignment="CENTER" />
      </portletfolder>
      <portletfolder selectionindex="0" relationtype="BOTTOM" portletconfigorder="eb222fd5-9894-4fc4-879e-e551a0cf5227" folderid="folder" relatedfolderid="org.eclipse.ui.internal.ViewStack@1659666" ratio="0.0496592">
        <designconfig namefontsize="10" descriptionshow="true" headertype="CUSTOM" nameshow="true" descriptionfontstyle="NORMAL" namealignment="CENTER" namefontstyle="BOLD" descriptionfontsize="8" inherited="false" descriptionfontcolor="128,128,128" descriptionalignment="CENTER" />
      </portletfolder>
      <portletfolder selectionindex="0" relationtype="RIGHT" portletconfigorder="47cb75a9-734e-455d-ba30-6347f1e9899b" folderid="org.eclipse.ui.internal.ViewStack@96c05a" relatedfolderid="folder" ratio="0.5741566">
        <designconfig namefontsize="10" descriptionshow="true" headertype="CUSTOM" nameshow="true" descriptionfontstyle="NORMAL" namealignment="CENTER" namefontstyle="BOLD" descriptionfontsize="8" inherited="false" descriptionfontcolor="128,128,128" descriptionalignment="CENTER" />
      </portletfolder>
      <portletfolder selectionindex="0" relationtype="BOTTOM" portletconfigorder="9ed42f7c-a7f7-4340-ad74-ea104717ab1d" folderid="org.eclipse.ui.internal.ViewStack@d48a27" relatedfolderid="folder" ratio="0.31921488">
        <designconfig namefontsize="10" descriptionshow="true" headertype="CUSTOM" nameshow="true" descriptionfontstyle="NORMAL" namealignment="CENTER" namefontstyle="BOLD" descriptionfontsize="8" inherited="false" descriptionfontcolor="128,128,128" descriptionalignment="CENTER" />
      </portletfolder>
      <portletfolder selectionindex="0" relationtype="BOTTOM" portletconfigorder="9210cb93-ef9c-4b3d-a5a2-302e39cf8883" folderid="org.eclipse.ui.internal.ViewStack@1c93e16" relatedfolderid="org.eclipse.ui.internal.ViewStack@d48a27" ratio="0.4989899">
        <designconfig namefontsize="10" descriptionshow="true" headertype="CUSTOM" nameshow="true" descriptionfontstyle="NORMAL" namealignment="CENTER" namefontstyle="BOLD" descriptionfontsize="8" inherited="false" descriptionfontcolor="128,128,128" descriptionalignment="CENTER" />
      </portletfolder>
    </dashboardlayout>
    <portletconfig showabsolutevalues="false" usedashboardsourceforcompare="true" usespecificautorefresh="false" sessiontype="live" lastvalue="false" icon="com.dynatrace.diagnostics.sdk/default_16x16.png" description="" locationascomparesource="false" sessionid="easyTravel" usedashboardsource="true" folderid="org.eclipse.ui.internal.ViewStack@1c93e16" locationassource="true" addfilterinfo="false" name="Chart" ismaster="false" typeid="com.dynatrace.diagnostics.portlets.chart.Chart" id="9210cb93-ef9c-4b3d-a5a2-302e39cf8883">
      <reportconfig print.images="true" lines.per.table="100" override="false" optimizeequalcolumns="true" print.legends="true" reportposition="26" enabled="true" levels.per.tree="10" />
      <filter>
        <criterion mode="all" type="agents" completepurepath="true">
          <textpattern name="agentname" type="contains" enabled="true" />
          <textpattern name="agenthost" type="contains" enabled="true" />
        </criterion>
        <criterion mode="all" type="applications" />
        <criterion type="btm" />
        <criterion mode="all" type="hosts" completepurepath="true" />
        <criterion type="timeframe">
          <timeframe type="Last 30min" />
        </criterion>
        <criterion useendtimefortimeframefilter="false" type="visits">
          <visitidset />
        </criterion>
        <inheritancemap />
      </filter>
      <autorefreshconfig unit="MINUTES" time="5" enabled="false" />
      <sashconfig displayoption="CHART" weights="1,1" />
      <datamodelconfig>
        <chart axis.x.title="" axis.y.title.show="true" showtooltips="true" bounds.y.enabled="false" showvalues="false" showtitle="false" logxaxis="false" title="" resolution="Auto" axis.x.show="true" maxsplitcharts="10" showname="true" maxdisplayitems="10" zoomable="true" charttype="LineChart" aggregation.absolute="false" showheatfield="true" axis.y.show="true" isentitymarkable="false" orientation="Horizontal" yaxisalignment="0" legendposition="Bottom" axis.x.title.show="true" axis.y.title="" splitcharts="false" limititems="false" showlegend="true" lockyaxis="true" showlabels="true">
          <legendcomposition agent="true" measure="true" host="true" splittings="true">
            <pielabelcomposition unit="true" value="true" />
          </legendcomposition>
          <chartsource systemid="easyTravel" sourcecolor="RGB(64,192,64,255)" dynamicconfig="false" fetchthreshold="false" scale="0" sessionid="easyTravel" colorinheritancemode="random" aggregationtype="Avg" rate="10s" sourcetype="MEASURE" id="0c9fc455-d471-42fc-a907-c81d0fd1a70e" ratesupported="true" displayrate="10s" visible="true" autounit="false" sessiontype="live" fetch.dynamic.measures="false" autoscale="false" measuretype="EndUserPageActionMeasure" fetchbaseline="false" unit="number" name="Number of Adults (JS ADK)" groupingvalue="" overridesource="false" fetchmeasurecolor="true" position="2" uiunit="number">
            <lightweightuniquemeasureidentifier systemid="easyTravel" application="" parentkeyid="Number of Adults (JS ADK)" agentname="" metricsimpledisplayname="JavaScript ADK Value" agenthost="" metrickeyid="JavaScript ADK value" keyid="Number of Adults (JS ADK)" metricgroupkey="Page Actions" collector="" measuretype="EndUserPageActionMeasure" />
            <displaysourceinfo measureunit="number" agentname="" agenthost="" agentgroup="&lt;all-agents&gt;" measurerate="purepath" />
          </chartsource>
          <chartsource systemid="easyTravel" sourcecolor="RGB(64,128,192,255)" dynamicconfig="false" fetchthreshold="false" scale="0" sessionid="easyTravel" colorinheritancemode="random" aggregationtype="Avg" rate="10s" sourcetype="MEASURE" id="549f6f4c-f2b7-46be-98a9-03e3337def77" ratesupported="true" displayrate="10s" visible="true" autounit="false" sessiontype="live" fetch.dynamic.measures="false" autoscale="false" measuretype="EndUserPageActionMeasure" fetchbaseline="false" unit="number" name="Number of Travellers (JS ADK)" groupingvalue="" overridesource="false" fetchmeasurecolor="true" position="1" uiunit="number">
            <lightweightuniquemeasureidentifier systemid="easyTravel" application="" parentkeyid="Number of Travellers (JS ADK)" agentname="" metricsimpledisplayname="JavaScript ADK Value" agenthost="" metrickeyid="JavaScript ADK value" keyid="Number of Travellers (JS ADK)" metricgroupkey="Page Actions" collector="" measuretype="EndUserPageActionMeasure" />
            <displaysourceinfo measureunit="number" agentname="" agenthost="" agentgroup="&lt;all-agents&gt;" measurerate="purepath" />
          </chartsource>
          <chartsource systemid="easyTravel" sourcecolor="RGB(64,192,64,255)" dynamicconfig="false" fetchthreshold="false" scale="0" sessionid="easyTravel" colorinheritancemode="random" aggregationtype="Avg" rate="10s" sourcetype="MEASURE" id="6e7a0665-26cc-4b84-87f7-50643607b88d" ratesupported="true" displayrate="10s" visible="true" autounit="false" sessiontype="live" fetch.dynamic.measures="false" autoscale="false" measuretype="EndUserPageActionMeasure" fetchbaseline="false" unit="number" name="Number of Children (JS ADK)" groupingvalue="" overridesource="false" fetchmeasurecolor="true" position="3" uiunit="number">
            <lightweightuniquemeasureidentifier systemid="easyTravel" application="" parentkeyid="Number of Children (JS ADK)" agentname="" metricsimpledisplayname="JavaScript ADK Value" agenthost="" metrickeyid="JavaScript ADK value" keyid="Number of Children (JS ADK)" metricgroupkey="Page Actions" collector="" measuretype="EndUserPageActionMeasure" />
            <displaysourceinfo measureunit="number" agentname="" agenthost="" agentgroup="&lt;all-agents&gt;" measurerate="purepath" />
          </chartsource>
          <splitconfig splitlayout="Horizontal" splitmode="PerSeries" />
        </chart>
        <table sortcolumn="16" drawcolumn="-1" columnorder="0,1,2,3,4,5,6,7,8,9,10,11,12,13,14,15,16,17,18,19">
          <column forcevisible="false" hidden="false" width="400" index="0" sort="None" />
          <column forcevisible="false" hidden="true" width="100" index="1" sort="None" />
          <column forcevisible="false" hidden="true" width="100" index="2" sort="None" />
          <column forcevisible="false" hidden="false" width="25" index="3" sort="None" />
          <column forcevisible="false" hidden="false" width="100" index="4" sort="None" />
          <column forcevisible="false" hidden="true" width="100" index="5" sort="None" />
          <column forcevisible="false" hidden="false" width="50" index="6" sort="None" />
          <column forcevisible="false" hidden="true" width="75" index="7" sort="None" />
          <column forcevisible="false" hidden="true" width="75" index="8" sort="None" />
          <column forcevisible="false" hidden="true" width="75" index="9" sort="None" />
          <column forcevisible="false" hidden="true" width="75" index="10" sort="None" />
          <column forcevisible="false" hidden="true" width="75" index="11" sort="None" />
          <column forcevisible="false" hidden="true" width="100" index="12" sort="None" />
          <column forcevisible="false" hidden="false" width="105" index="13" sort="None" />
          <column forcevisible="false" hidden="true" width="50" index="14" sort="None" />
          <column forcevisible="false" hidden="true" width="50" index="15" sort="None" />
          <column forcevisible="false" hidden="false" width="100" index="16" sort="Up" />
          <column forcevisible="false" hidden="true" width="150" index="17" sort="None" />
          <column forcevisible="false" hidden="true" width="150" index="18" sort="None" />
          <column forcevisible="false" hidden="true" width="150" index="19" sort="None" />
        </table>
        <heatfieldconfig customevents="true" deploymentevents="true" smartmeasure="true" smartserver="true" filterconfirmed="false">
          <incidentrules />
        </heatfieldconfig>
      </datamodelconfig>
      <chartcolors />
    </portletconfig>
    <portletconfig showabsolutevalues="false" usedashboardsourceforcompare="true" usespecificautorefresh="false" sessiontype="live" lastvalue="false" icon="com.dynatrace.diagnostics.sdk/default_16x16.png" description="" locationascomparesource="false" sessionid="easyTravel" usedashboardsource="true" folderid="org.eclipse.ui.internal.ViewStack@d48a27" locationassource="true" addfilterinfo="false" name="Turnover" ismaster="false" typeid="com.dynatrace.diagnostics.portlets.chart.Chart" id="9ed42f7c-a7f7-4340-ad74-ea104717ab1d">
      <reportconfig print.images="true" lines.per.table="100" override="false" optimizeequalcolumns="true" print.legends="true" reportposition="3" enabled="true" levels.per.tree="10" />
      <filter>
        <criterion mode="all" type="agents" completepurepath="true">
          <textpattern name="agentname" type="contains" enabled="true" />
          <textpattern name="agenthost" type="contains" enabled="true" />
        </criterion>
        <criterion mode="all" type="applications" />
        <criterion type="btm" />
        <criterion mode="all" type="hosts" completepurepath="true" />
        <criterion type="timeframe">
          <timeframe type="Last 30min" />
        </criterion>
        <criterion useendtimefortimeframefilter="false" type="visits">
          <visitidset />
        </criterion>
        <inheritancemap />
      </filter>
      <autorefreshconfig unit="MINUTES" time="5" enabled="false" />
      <sashconfig displayoption="CHART" weights="1,1" />
      <datamodelconfig>
        <chart axis.x.title="" axis.y.title.show="true" showtooltips="true" bounds.y.enabled="false" showvalues="false" showtitle="false" logxaxis="false" title="" resolution="Auto" axis.x.show="true" maxsplitcharts="10" showname="true" maxdisplayitems="10" zoomable="true" charttype="LineChart" aggregation.absolute="false" showheatfield="true" axis.y.show="true" isentitymarkable="false" orientation="Horizontal" yaxisalignment="0" legendposition="Bottom" axis.x.title.show="true" axis.y.title="" splitcharts="false" limititems="false" showlegend="true" lockyaxis="true" showlabels="true">
          <legendcomposition agent="true" measure="true" host="true" splittings="true">
            <pielabelcomposition unit="true" value="true" />
          </legendcomposition>
          <chartsource systemid="easyTravel" sourcecolor="RGB(64,192,64,255)" dynamicconfig="false" fetchthreshold="false" scale="0" sessionid="easyTravel" colorinheritancemode="random" aggregationtype="Avg" rate="10s" sourcetype="MEASURE" id="e5e7a6d7-ed7b-412c-af14-5ccd54ea941e" ratesupported="true" displayrate="10s" visible="true" autounit="false" sessiontype="live" fetch.dynamic.measures="false" autoscale="false" measuretype="EndUserPageActionMeasure" fetchbaseline="false" unit="number" name="Booking Total (JS ADK)" groupingvalue="" overridesource="false" fetchmeasurecolor="true" position="1" uiunit="number">
            <lightweightuniquemeasureidentifier systemid="easyTravel" application="" parentkeyid="Booking Total (JS ADK)" agentname="" metricsimpledisplayname="JavaScript ADK Value" agenthost="" metrickeyid="JavaScript ADK value" keyid="Booking Total (JS ADK)" metricgroupkey="Page Actions" collector="" measuretype="EndUserPageActionMeasure" />
            <displaysourceinfo measureunit="number" agentname="" agenthost="" agentgroup="&lt;all-agents&gt;" measurerate="purepath" />
          </chartsource>
          <chartsource systemid="easyTravel" sourcecolor="RGB(64,192,64,255)" dynamicconfig="false" fetchthreshold="false" scale="0" sessionid="easyTravel" colorinheritancemode="random" aggregationtype="Avg" rate="10s" sourcetype="MEASURE" id="00b6a66c-86c0-443f-8885-fce72bc5c57f" ratesupported="true" displayrate="10s" visible="true" autounit="false" sessiontype="live" fetch.dynamic.measures="false" autoscale="false" measuretype="EndUserPageActionMeasure" fetchbaseline="false" unit="number" name="Average Price / Person (JS ADK)" groupingvalue="" overridesource="false" fetchmeasurecolor="true" position="2" uiunit="number">
            <lightweightuniquemeasureidentifier systemid="easyTravel" application="" parentkeyid="Average Price / Person (JS ADK)" agentname="" metricsimpledisplayname="JavaScript ADK Value" agenthost="" metrickeyid="JavaScript ADK value" keyid="Average Price / Person (JS ADK)" metricgroupkey="Page Actions" collector="" measuretype="EndUserPageActionMeasure" />
            <displaysourceinfo measureunit="number" agentname="" agenthost="" agentgroup="&lt;all-agents&gt;" measurerate="purepath" />
          </chartsource>
          <chartsource systemid="easyTravel" sourcecolor="RGB(64,192,64,255)" dynamicconfig="false" fetchthreshold="false" scale="0" sessionid="easyTravel" colorinheritancemode="random" aggregationtype="Avg" rate="10s" sourcetype="MEASURE" id="77278833-792c-4cae-80ee-a88eb1878e52" ratesupported="true" displayrate="10s" visible="true" autounit="false" sessiontype="live" fetch.dynamic.measures="false" autoscale="false" measuretype="EndUserPageActionMeasure" fetchbaseline="false" unit="number" name="Full Price / Person (JS ADK)" groupingvalue="" overridesource="false" fetchmeasurecolor="true" position="3" uiunit="number">
            <lightweightuniquemeasureidentifier systemid="easyTravel" application="" parentkeyid="Full Price / Person (JS ADK)" agentname="" metricsimpledisplayname="JavaScript ADK Value" agenthost="" metrickeyid="JavaScript ADK value" keyid="Full Price / Person (JS ADK)" metricgroupkey="Page Actions" collector="" measuretype="EndUserPageActionMeasure" />
            <displaysourceinfo measureunit="number" agentname="" agenthost="" agentgroup="&lt;all-agents&gt;" measurerate="purepath" />
          </chartsource>
          <splitconfig splitlayout="Horizontal" splitmode="PerSeries" />
        </chart>
        <table sortcolumn="16" drawcolumn="-1" columnorder="0,1,2,3,4,5,6,7,8,9,10,11,12,13,14,15,16,17,18,19">
          <column forcevisible="false" hidden="false" width="400" index="0" sort="None" />
          <column forcevisible="false" hidden="true" width="100" index="1" sort="None" />
          <column forcevisible="false" hidden="true" width="100" index="2" sort="None" />
          <column forcevisible="false" hidden="false" width="25" index="3" sort="None" />
          <column forcevisible="false" hidden="false" width="100" index="4" sort="None" />
          <column forcevisible="false" hidden="true" width="100" index="5" sort="None" />
          <column forcevisible="false" hidden="false" width="50" index="6" sort="None" />
          <column forcevisible="false" hidden="true" width="75" index="7" sort="None" />
          <column forcevisible="false" hidden="true" width="75" index="8" sort="None" />
          <column forcevisible="false" hidden="true" width="75" index="9" sort="None" />
          <column forcevisible="false" hidden="true" width="75" index="10" sort="None" />
          <column forcevisible="false" hidden="true" width="75" index="11" sort="None" />
          <column forcevisible="false" hidden="true" width="100" index="12" sort="None" />
          <column forcevisible="false" hidden="false" width="105" index="13" sort="None" />
          <column forcevisible="false" hidden="true" width="50" index="14" sort="None" />
          <column forcevisible="false" hidden="true" width="50" index="15" sort="None" />
          <column forcevisible="false" hidden="false" width="100" index="16" sort="Up" />
          <column forcevisible="false" hidden="true" width="150" index="17" sort="None" />
          <column forcevisible="false" hidden="true" width="150" index="18" sort="None" />
          <column forcevisible="false" hidden="true" width="150" index="19" sort="None" />
        </table>
        <heatfieldconfig customevents="true" deploymentevents="true" smartmeasure="true" smartserver="true" filterconfirmed="false">
          <incidentrules />
        </heatfieldconfig>
      </datamodelconfig>
      <chartcolors />
    </portletconfig>
    <portletconfig showabsolutevalues="false" usedashboardsourceforcompare="true" usespecificautorefresh="false" sessiontype="live" lastvalue="false" icon="com.dynatrace.diagnostics.sdk/default_16x16.png" description="" locationascomparesource="false" sessionid="easyTravel" usedashboardsource="true" folderid="folder" locationassource="true" addfilterinfo="false" name="Conversion Rate" ismaster="false" typeid="com.dynatrace.diagnostics.portlets.chart.Chart" id="eb222fd5-9894-4fc4-879e-e551a0cf5227">
      <reportconfig print.images="true" lines.per.table="100" override="false" optimizeequalcolumns="true" print.legends="true" reportposition="1" enabled="true" levels.per.tree="10" />
      <filter>
        <criterion mode="all" type="agents" completepurepath="true">
          <textpattern name="agentname" type="contains" enabled="true" />
          <textpattern name="agenthost" type="contains" enabled="true" />
        </criterion>
        <criterion mode="all" type="applications" />
        <criterion type="btm" />
        <criterion mode="all" type="hosts" completepurepath="true" />
        <criterion type="timeframe">
          <timeframe type="Last 30min" />
        </criterion>
        <criterion useendtimefortimeframefilter="false" type="visits">
          <visitidset />
        </criterion>
        <inheritancemap />
      </filter>
      <autorefreshconfig unit="MINUTES" time="5" enabled="false" />
      <sashconfig displayoption="CHART" weights="500,500" />
      <datamodelconfig>
        <chart axis.x.title="" axis.y.title.show="true" showtooltips="true" bounds.y.enabled="false" showvalues="false" showtitle="false" logxaxis="false" title="" resolution="Auto" axis.x.show="true" maxsplitcharts="10" showname="true" maxdisplayitems="10" zoomable="true" charttype="LineChart" aggregation.absolute="false" showheatfield="true" axis.y.show="true" isentitymarkable="false" orientation="Horizontal" yaxisalignment="0" legendposition="Bottom" axis.x.title.show="true" axis.y.title="" splitcharts="false" limititems="false" showlegend="true" lockyaxis="true" showlabels="true">
          <legendcomposition agent="true" measure="true" host="true" splittings="true">
            <pielabelcomposition unit="true" value="true" />
          </legendcomposition>
          <chartsource systemid="easyTravel" sourcecolor="RGB(64,128,64,255)" dynamicconfig="false" fetchthreshold="false" scale="0" sessionid="easyTravel" colorinheritancemode="random" aggregationtype="Avg" rate="10s" sourcetype="MEASURE" id="03c1b4b2-e258-49ec-a821-aeae947a5d0c" ratesupported="true" displayrate="10s" visible="true" autounit="false" sessiontype="live" fetch.dynamic.measures="false" autoscale="false" measuretype="EndUserVisitMeasure" fetchbaseline="false" unit="percent" name="Conversion Rate for &quot;Booking Finished (UEM Only)&quot;" groupingvalue="" overridesource="false" fetchmeasurecolor="true" position="1" uiunit="percent">
            <lightweightuniquemeasureidentifier systemid="easyTravel" application="" parentkeyid="Conversion Rate for &quot;Booking Finished (UEM Only)&quot;" agentname="" metricsimpledisplayname="Conversion Count" agenthost="" metrickeyid="Conversion Count" keyid="Conversion Rate for &quot;Booking Finished (UEM Only)&quot;" metricgroupkey="Visits" collector="" measuretype="EndUserVisitMeasure" />
            <displaysourceinfo measureunit="percent" agentname="" agenthost="" agentgroup="&lt;all-agents&gt;" measurerate="purepath" />
          </chartsource>
          <splitconfig splitlayout="Horizontal" splitmode="PerSeries" />
        </chart>
        <table structuremode="measureHierarchy" sortcolumn="16" drawcolumn="-1" columnorder="0,1,2,3,4,5,6,7,8,9,10,11,12,13,14,15,16,17,18,19">
          <column forcevisible="false" hidden="false" width="400" index="0" sort="None" />
          <column forcevisible="false" hidden="true" width="100" index="1" sort="None" />
          <column forcevisible="false" hidden="true" width="100" index="2" sort="None" />
          <column forcevisible="false" hidden="false" width="25" index="3" sort="None" />
          <column forcevisible="false" hidden="false" width="100" index="4" sort="None" />
          <column forcevisible="false" hidden="true" width="100" index="5" sort="None" />
          <column forcevisible="false" hidden="false" width="50" index="6" sort="None" />
          <column forcevisible="false" hidden="true" width="75" index="7" sort="None" />
          <column forcevisible="false" hidden="true" width="75" index="8" sort="None" />
          <column forcevisible="false" hidden="true" width="75" index="9" sort="None" />
          <column forcevisible="false" hidden="true" width="75" index="10" sort="None" />
          <column forcevisible="false" hidden="true" width="75" index="11" sort="None" />
          <column forcevisible="false" hidden="true" width="100" index="12" sort="None" />
          <column forcevisible="false" hidden="false" width="105" index="13" sort="None" />
          <column forcevisible="false" hidden="true" width="50" index="14" sort="None" />
          <column forcevisible="false" hidden="true" width="50" index="15" sort="None" />
          <column forcevisible="false" hidden="false" width="100" index="16" sort="Up" />
          <column forcevisible="false" hidden="true" width="150" index="17" sort="None" />
          <column forcevisible="false" hidden="true" width="150" index="18" sort="None" />
          <column forcevisible="false" hidden="true" width="150" index="19" sort="None" />
        </table>
        <heatfieldconfig customevents="true" deploymentevents="true" smartmeasure="true" smartserver="true" filterconfirmed="false">
          <incidentrules />
        </heatfieldconfig>
      </datamodelconfig>
      <chartcolors />
    </portletconfig>
    <portletconfig usedashboardsourceforcompare="true" usespecificautorefresh="false" sessiontype="live" icon="com.dynatrace.diagnostics.sdk/default_16x16.png" description="" locationascomparesource="false" sessionid="easyTravel" usedashboardsource="true" folderid="org.eclipse.ui.internal.ViewStack@96c05a" locationassource="true" addfilterinfo="false" name="Business Transaction Hotspots" ismaster="false" typeid="com.dynatrace.diagnostics.portlets.chart.BtHistoricalCompare" id="47cb75a9-734e-455d-ba30-6347f1e9899b" treestructuremode="Hierarchy">
      <reportconfig print.images="true" lines.per.table="100" override="false" optimizeequalcolumns="true" print.legends="true" reportposition="4" enabled="true" levels.per.tree="10" />
      <filter>
        <criterion mode="all" type="agents" completepurepath="true">
          <textpattern name="agentname" type="contains" enabled="true" />
          <textpattern name="agenthost" type="contains" enabled="true" />
        </criterion>
        <criterion mode="all" type="applications" />
        <criterion type="btm" />
        <criterion mode="all" type="hosts" completepurepath="true" />
        <criterion type="timeframe">
          <timeframe type="Last 30min" />
        </criterion>
        <inheritancemap />
      </filter>
      <autorefreshconfig unit="MINUTES" time="5" enabled="false" />
      <sashconfig displayoption="CHART_AND_TABLE" weights="1,1" />
      <datamodelconfig sortcolumn="0" columnorder="" sorttable="0" sortorder="Up">
        <chartsourceconfigurations>
          <chartsource systemid="easyTravel" visible="true" dynamicconfig="false" sessiontype="live" scale="0" sessionid="easyTravel" autoscale="false" name="Bookings by Travellers (Visit count)" overridesource="false" sourcetype="BUSINESS_TRANSACTION" id="84c37bdf-3af5-4f51-b2dd-47afea37f6bd" position="1" displayrate="10s">
            <businesstransaction groupingconstant1="BTSP1" transactionconfigkeyid="Bookings by Travellers (Visit count)" parentconfigurationid="2668f3ab-4248-4a58-a24a-880c61760409">
              <sessionreference systemid="easyTravel" datastarttime="0" techtypes="0" latestmodification="0" lastmodifiedby="" type="live" />
              <childsourceconfigs>
                <chartsource systemid="easyTravel" sourcecolor="RGB(0,0,0,255)" dynamicconfig="false" fetchthreshold="false" scale="0" sessionid="easyTravel" colorinheritancemode="parent" aggregationtype="Sum" rate="10s" sourcetype="MEASURE" id="3c9cf00e-c198-4096-977b-cc8a1c70d74b" ratesupported="true" displayrate="10s" visible="false" autounit="false" sessiontype="live" fetch.dynamic.measures="true" autoscale="false" measuretype="TransactionMeasure" fetchbaseline="false" unit="count" name="Bookings by Travellers (Visit count)" groupingvalue="" overridesource="false" fetchmeasurecolor="false" position="-1" uiunit="count">
                  <lightweightuniquemeasureidentifier systemid="easyTravel" application="" parentkeyid="Bookings by Travellers (Visit count)" agentname="" metricsimpledisplayname="Value" agenthost="" metrickeyid="Value" keyid="Bookings by Travellers (Visit count)" metricgroupkey="Business Transaction Results" collector="" measuretype="TransactionMeasure" />
                  <displaysourceinfo />
                </chartsource>
                <chartsource systemid="easyTravel" sourcecolor="RGB(0,0,0,255)" dynamicconfig="false" fetchthreshold="false" scale="0" sessionid="easyTravel" colorinheritancemode="parent" aggregationtype="Count" rate="10s" sourcetype="MEASURE" id="357ea1ea-db63-4695-afcb-cd61de12016a" ratesupported="true" displayrate="10s" visible="true" autounit="false" sessiontype="live" fetch.dynamic.measures="true" autoscale="false" measuretype="TransactionMeasure" fetchbaseline="false" unit="count" name="Bookings by Travellers (Visit count)" groupingvalue="" overridesource="false" fetchmeasurecolor="false" position="-1" uiunit="count">
                  <lightweightuniquemeasureidentifier systemid="easyTravel" application="" parentkeyid="Bookings by Travellers (Visit count)" agentname="" metricsimpledisplayname="Value" agenthost="" metrickeyid="Value" keyid="Bookings by Travellers (Visit count)" metricgroupkey="Business Transaction Results" collector="" measuretype="TransactionMeasure" />
                  <displaysourceinfo />
                </chartsource>
                <chartsource systemid="easyTravel" sourcecolor="RGB(0,0,0,255)" dynamicconfig="false" fetchthreshold="false" scale="0" sessionid="easyTravel" colorinheritancemode="parent" aggregationtype="Avg" rate="10s" sourcetype="MEASURE" id="a29ab2ad-4eea-47f9-b47c-6658fb3640e0" ratesupported="true" displayrate="10s" visible="true" autounit="false" sessiontype="live" fetch.dynamic.measures="true" autoscale="false" measuretype="TransactionMeasure" fetchbaseline="false" unit="count" name="Bookings by Travellers (Visit count)" groupingvalue="" overridesource="false" fetchmeasurecolor="false" position="-1" uiunit="count">
                  <lightweightuniquemeasureidentifier systemid="easyTravel" application="" parentkeyid="Bookings by Travellers (Visit count)" agentname="" metricsimpledisplayname="Value" agenthost="" metrickeyid="Value" keyid="Bookings by Travellers (Visit count)" metricgroupkey="Business Transaction Results" collector="" measuretype="TransactionMeasure" />
                  <displaysourceinfo />
                </chartsource>
              </childsourceconfigs>
            </businesstransaction>
          </chartsource>
          <chartsource systemid="easyTravel" visible="true" dynamicconfig="false" sessiontype="live" scale="0" sessionid="easyTravel" autoscale="false" name="Displayed Promotions (JS ADK)" overridesource="false" sourcetype="BUSINESS_TRANSACTION" id="d3065e27-beb3-4b57-bf40-27dfa10cd09e" position="3" displayrate="10s">
            <businesstransaction groupingconstant1="BTSP1" transactionconfigkeyid="Displayed Promotions (JS ADK)" parentconfigurationid="9e8f1f98-1bfd-497d-9789-3ee8f1376eaa">
              <sessionreference systemid="easyTravel" datastarttime="0" techtypes="0" latestmodification="0" lastmodifiedby="" type="live" />
              <childsourceconfigs>
                <chartsource systemid="easyTravel" sourcecolor="RGB(0,0,0,255)" dynamicconfig="false" fetchthreshold="false" scale="0" sessionid="easyTravel" colorinheritancemode="parent" aggregationtype="Sum" rate="10s" sourcetype="MEASURE" id="772ebb6d-6025-4147-831a-3c79eb7f4d2a" ratesupported="true" displayrate="10s" visible="false" autounit="false" sessiontype="live" fetch.dynamic.measures="true" autoscale="false" measuretype="TransactionMeasure" fetchbaseline="false" unit="number" name="Displayed Promotions (JS ADK)" groupingvalue="" overridesource="false" fetchmeasurecolor="false" position="-1" uiunit="number">
                  <lightweightuniquemeasureidentifier systemid="easyTravel" application="" parentkeyid="Displayed Promotions (JS ADK)" agentname="" metricsimpledisplayname="Value" agenthost="" metrickeyid="Value" keyid="Displayed Promotions (JS ADK)" metricgroupkey="Business Transaction Results" collector="" measuretype="TransactionMeasure" />
                  <displaysourceinfo />
                </chartsource>
                <chartsource systemid="easyTravel" sourcecolor="RGB(0,0,0,255)" dynamicconfig="false" fetchthreshold="false" scale="0" sessionid="easyTravel" colorinheritancemode="parent" aggregationtype="Count" rate="10s" sourcetype="MEASURE" id="4d44fbd7-78b1-403a-9ed2-4ee0173f98c1" ratesupported="true" displayrate="10s" visible="true" autounit="false" sessiontype="live" fetch.dynamic.measures="true" autoscale="false" measuretype="TransactionMeasure" fetchbaseline="false" unit="number" name="Displayed Promotions (JS ADK)" groupingvalue="" overridesource="false" fetchmeasurecolor="false" position="-1" uiunit="number">
                  <lightweightuniquemeasureidentifier systemid="easyTravel" application="" parentkeyid="Displayed Promotions (JS ADK)" agentname="" metricsimpledisplayname="Value" agenthost="" metrickeyid="Value" keyid="Displayed Promotions (JS ADK)" metricgroupkey="Business Transaction Results" collector="" measuretype="TransactionMeasure" />
                  <displaysourceinfo />
                </chartsource>
                <chartsource systemid="easyTravel" sourcecolor="RGB(0,0,0,255)" dynamicconfig="false" fetchthreshold="false" scale="0" sessionid="easyTravel" colorinheritancemode="parent" aggregationtype="Avg" rate="10s" sourcetype="MEASURE" id="c6198fc2-624e-45f4-be9c-730156b1684c" ratesupported="true" displayrate="10s" visible="true" autounit="false" sessiontype="live" fetch.dynamic.measures="true" autoscale="false" measuretype="TransactionMeasure" fetchbaseline="false" unit="number" name="Displayed Promotions (JS ADK)" groupingvalue="" overridesource="false" fetchmeasurecolor="false" position="-1" uiunit="number">
                  <lightweightuniquemeasureidentifier systemid="easyTravel" application="" parentkeyid="Displayed Promotions (JS ADK)" agentname="" metricsimpledisplayname="Value" agenthost="" metrickeyid="Value" keyid="Displayed Promotions (JS ADK)" metricgroupkey="Business Transaction Results" collector="" measuretype="TransactionMeasure" />
                  <displaysourceinfo />
                </chartsource>
              </childsourceconfigs>
            </businesstransaction>
          </chartsource>
          <chartsource systemid="easyTravel" visible="true" dynamicconfig="false" sessiontype="live" scale="0" sessionid="easyTravel" autoscale="false" name="Viewed Destinations (User Action)" overridesource="false" sourcetype="BUSINESS_TRANSACTION" id="ed171ce0-2729-481a-8c39-f703a6a5bc21" position="2" displayrate="10s">
            <businesstransaction groupingconstant1="BTSP1" transactionconfigkeyid="Viewed Destinations (User Action)" parentconfigurationid="888e020d-c0e5-4c0d-ad83-03382bff413d">
              <sessionreference systemid="easyTravel" datastarttime="0" techtypes="0" latestmodification="0" lastmodifiedby="" type="live" />
              <childsourceconfigs>
                <chartsource systemid="easyTravel" sourcecolor="RGB(0,0,0,255)" dynamicconfig="false" fetchthreshold="false" scale="0" sessionid="easyTravel" colorinheritancemode="parent" aggregationtype="Sum" rate="10s" sourcetype="MEASURE" id="c4c2d994-e55e-4b40-b44c-3c0096a5b2fc" ratesupported="true" displayrate="10s" visible="false" autounit="false" sessiontype="live" fetch.dynamic.measures="true" autoscale="false" measuretype="TransactionMeasure" fetchbaseline="false" unit="number" name="Viewed Destinations (User Action)" groupingvalue="" overridesource="false" fetchmeasurecolor="false" position="-1" uiunit="number">
                  <lightweightuniquemeasureidentifier systemid="easyTravel" application="" parentkeyid="Viewed Destinations (User Action)" agentname="" metricsimpledisplayname="Value" agenthost="" metrickeyid="Value" keyid="Viewed Destinations (User Action)" metricgroupkey="Business Transaction Results" collector="" measuretype="TransactionMeasure" />
                  <displaysourceinfo />
                </chartsource>
                <chartsource systemid="easyTravel" sourcecolor="RGB(0,0,0,255)" dynamicconfig="false" fetchthreshold="false" scale="0" sessionid="easyTravel" colorinheritancemode="parent" aggregationtype="Count" rate="10s" sourcetype="MEASURE" id="ad72a96c-7395-45ed-ba4e-1707884b70c3" ratesupported="true" displayrate="10s" visible="true" autounit="false" sessiontype="live" fetch.dynamic.measures="true" autoscale="false" measuretype="TransactionMeasure" fetchbaseline="false" unit="number" name="Viewed Destinations (User Action)" groupingvalue="" overridesource="false" fetchmeasurecolor="false" position="-1" uiunit="number">
                  <lightweightuniquemeasureidentifier systemid="easyTravel" application="" parentkeyid="Viewed Destinations (User Action)" agentname="" metricsimpledisplayname="Value" agenthost="" metrickeyid="Value" keyid="Viewed Destinations (User Action)" metricgroupkey="Business Transaction Results" collector="" measuretype="TransactionMeasure" />
                  <displaysourceinfo />
                </chartsource>
                <chartsource systemid="easyTravel" sourcecolor="RGB(0,0,0,255)" dynamicconfig="false" fetchthreshold="false" scale="0" sessionid="easyTravel" colorinheritancemode="parent" aggregationtype="Avg" rate="10s" sourcetype="MEASURE" id="1c7ebda2-4d75-4670-8301-4c103d54b876" ratesupported="true" displayrate="10s" visible="true" autounit="false" sessiontype="live" fetch.dynamic.measures="true" autoscale="false" measuretype="TransactionMeasure" fetchbaseline="false" unit="number" name="Viewed Destinations (User Action)" groupingvalue="" overridesource="false" fetchmeasurecolor="false" position="-1" uiunit="number">
                  <lightweightuniquemeasureidentifier systemid="easyTravel" application="" parentkeyid="Viewed Destinations (User Action)" agentname="" metricsimpledisplayname="Value" agenthost="" metrickeyid="Value" keyid="Viewed Destinations (User Action)" metricgroupkey="Business Transaction Results" collector="" measuretype="TransactionMeasure" />
                  <displaysourceinfo />
                </chartsource>
              </childsourceconfigs>
            </businesstransaction>
          </chartsource>
        </chartsourceconfigurations>
        <columndescriptor special="true" displayname="Count" name="Count" id="count">
          <aggregationtype aggregationtypeid="Max" />
          <column forcevisible="false" hidden="false" width="65" tooltip="The number of times this Business Transaction occurred" index="-1" sort="None" />
        </columndescriptor>
        <columndescriptor special="true" displayname="Count per day" name="Count per day" id="countPerDay">
          <aggregationtype aggregationtypeid="Max" />
          <column forcevisible="false" hidden="true" width="65" tooltip="The number of times this Business Transaction occurred per day" index="-1" sort="None" />
        </columndescriptor>
        <columndescriptor special="true" displayname="Incidents" name="Incidents" id="incidents">
          <aggregationtype aggregationtypeid="Max" />
          <column forcevisible="false" hidden="true" width="65" tooltip="The number of Business Transactions which triggered incidents" index="-1" sort="None" />
        </columndescriptor>
        <columndescriptor special="true" displayname="Incidents per day" name="Incidents per day" id="incidentsPerDay">
          <aggregationtype aggregationtypeid="Max" />
          <column forcevisible="false" hidden="true" width="65" tooltip="The number Business Transactions which triggered incidents, normalized to a one-day period" index="-1" sort="None" />
        </columndescriptor>
        <columndescriptor special="true" displayname="Incident rate [%]" name="Incident rate [%]" id="incidentRate">
          <aggregationtype aggregationtypeid="Max" />
          <column forcevisible="false" hidden="false" width="65" tooltip="The number of Business Transactions which triggered incidents, in relation to the number of times this Business Transaction occurred" index="-1" sort="None" />
        </columndescriptor>
        <columndescriptor special="true" displayname="Violations" name="Violations" id="violations">
          <aggregationtype aggregationtypeid="Max" />
          <column forcevisible="false" hidden="true" width="65" tooltip="The number of violations of result measures of this Business Transaction" index="-1" sort="None" />
        </columndescriptor>
        <columndescriptor special="true" displayname="Violations per day" name="Violations per day" id="violationsPerDay">
          <aggregationtype aggregationtypeid="Max" />
          <column forcevisible="false" hidden="true" width="65" tooltip="The number of violations of result measures of this Business Transaction per day" index="-1" sort="None" />
        </columndescriptor>
        <columndescriptor special="true" displayname="Violations per Business Transaction [%]" name="Violations per Business Transaction [%]" id="violationRate">
          <aggregationtype aggregationtypeid="Max" />
          <column forcevisible="false" hidden="false" width="65" tooltip="The number of violations of result measures of this Business Transaction, in relation to the number of times this Business Transaction occurred" index="-1" sort="None" />
        </columndescriptor>
        <columndescriptor special="true" displayname="" name="" id="state">
          <aggregationtype aggregationtypeid="Max" />
          <column forcevisible="false" hidden="false" width="20" tooltip="The state (ok, warning, error) that has been detected for this Business Transaction" index="-1" sort="None" />
        </columndescriptor>
        <columndescriptor special="true" displayname="Failed %" name="Failed %" id="errorPercentage">
          <aggregationtype aggregationtypeid="Max" />
          <column forcevisible="false" hidden="false" width="65" tooltip="The percentage of errors that has been detected for this Business Transaction" index="-1" sort="None" />
        </columndescriptor>
        <columndescriptor special="false" displayname="Visit Count" name="Visit Count">
          <aggregationtype aggregationtypeid="Sum" />
          <column forcevisible="false" hidden="true" width="65" index="-1" sort="None" />
        </columndescriptor>
        <columndescriptor special="false" displayname="Visit Count" name="Visit Count">
          <aggregationtype aggregationtypeid="Avg" />
          <column forcevisible="false" hidden="false" width="65" index="-1" sort="None" />
        </columndescriptor>
        <columndescriptor special="false" displayname="User Action Count" name="Page Action Count">
          <aggregationtype aggregationtypeid="Sum" />
          <column forcevisible="false" hidden="true" width="65" index="-1" sort="None" />
        </columndescriptor>
        <columndescriptor special="false" displayname="User Action Count" name="Page Action Count">
          <aggregationtype aggregationtypeid="Avg" />
          <column forcevisible="false" hidden="false" width="65" index="-1" sort="None" />
        </columndescriptor>
        <aggregationtype aggregationtypeid="Avg" />
        <aggregationtype aggregationtypeid="Sum" />
        <expandednodes>
          <expandednode expandednode="Displayed Promotions (JS ADK) (split by Displayed Promotion (JS ADK))" />
        </expandednodes>
      </datamodelconfig>
      <descriptors>
        <timeframetabledescriptor enabled="false">
          <timeframe type="Last Week" />
        </timeframetabledescriptor>
        <timeframetabledescriptor enabled="false">
          <timeframe type="Last Month" />
        </timeframetabledescriptor>
        <timeframetabledescriptor enabled="false">
          <timeframe type="Last Year" />
        </timeframetabledescriptor>
      </descriptors>
      <ccontent enabled="both" ratio="0.83" />
    </portletconfig>
    <portletconfig usedashboardsourceforcompare="true" usespecificautorefresh="false" icon="com.dynatrace.diagnostics.sdk/default.gif" description="All charts and statistics displayed on this dashboard do not require any information from server side agents, only information collected by the Javascript and Webserver Agent is used." locationascomparesource="false" usedashboardsource="true" com.dynatrace.diagnostics.portlets.text.textportletconfig.text="" folderid="org.eclipse.ui.internal.ViewStack@1659666" com.dynatrace.diagnostics.portlets.text.textportletconfig.alignment="LEFT" locationassource="true" addfilterinfo="false" com.dynatrace.diagnostics.portlets.text.textportletconfig.wallpapercolor="RGB(255,255,255,255)" invertcolors="true" com.dynatrace.diagnostics.portlets.text.textportletconfig.backgroundstyle="topLeft" name="easyTravel Trip Analysis" ismaster="false" com.dynatrace.diagnostics.portlets.text.textportletconfig.defaultforegroundcolor="RGB(0,0,0,255)" typeid="com.dynatrace.diagnostics.portlets.text.Text" id="6f3d89b8-7ac1-41b9-a784-23a15c51f2d1">
      <reportconfig print.images="true" lines.per.table="100" override="false" optimizeequalcolumns="true" print.legends="true" reportposition="25" enabled="false" levels.per.tree="10" />
      <filter>
        <inheritancemap />
      </filter>
      <autorefreshconfig unit="MINUTES" time="5" enabled="false" />
      <sashconfig displayoption="CHART_AND_TABLE" weights="1,1" />
      <font name="Arial" style="NORMAL" height="12" />
    </portletconfig>
  </dashboardconfig>
</dynatrace>
