<?xml version="1.0" encoding="UTF-8"?>
<!-- ATTENTION - THIS IS AN AUTOMATICALLY GENERATED FILE -->
<!-- Manual changes can cause severe problems and system instability -->
<!-- Apply manual changes only if you have received explicit instructions from Dynatrace Support -->
<dynatrace version="6.5.0.1289" date="12/22/16 12:48 PM">
  <dashboardconfig memento.version="6.5.0.1289" suppresssavewarning="false" sessiontype="live" icon="com.dynatrace.diagnostics.sdk/default.gif" description="" modifiedbyname="admin" locationascomparesource="true" sessionid="easyTravel" opendrilldowninnewdashboard="true" groupname="" autoreplacesession="false" revision="00000159-27dd-1468-9894-e7463293e1f0" locationassource="true" localizationenabled="false" name="easyTravel Regression" authorname="dynaTrace" modified="2016-12-22T12:48:37-0600" id="c58325bf-757a-4574-b809-f568240b68fc">
    <comparesettings sessiontype="stored" sessionid="easyTravel/20130308121832_0.session">
      <filter>
        <criterion type="admfilteranalyzer" />
        <criterion mode="all" type="agents" completepurepath="true">
          <textpattern name="agentname" type="contains" enabled="true" />
          <textpattern name="agenthost" type="contains" enabled="true" />
        </criterion>
        <criterion type="and" />
        <criterion mode="all" excludeexternalsubpaths="false" type="api" />
        <criterion mode="all" type="applications" />
        <criterion type="btm" />
        <criterion type="casuemdimension" />
        <criterion type="dbdetails" />
        <criterion intervalend="0" intervalstart="0" type="dcrumdimension" filterinterval="false" />
        <criterion analyzeserverpath="true" analyzeclienterrors="false" isactive="true" analyzeenduserpath="true" type="enduserpath" />
        <criterion mode="all" type="hosts" completepurepath="true" />
        <criterion severitiesmode="all" statesmode="all" type="incident" rulesmode="all" severities="" states="" />
        <criterion type="or" />
        <criterion mode="all" enduser="false" type="purepaths">
          <textpattern type="contains" enabled="true" />
        </criterion>
        <criterion includemeasurename="false" includeplatform="true" includetestname="false" teststatus="FAILED,INVALIDATED,VOLATILE,DEGRADED,IMPROVED,MISSING,passed" type="tests" testcategory="UNIT,BROWSER_TIMER,BROWSER_AUTO_TIMER,PERFORMANCE,LOAD,WEB_API,EXTERNAL" />
        <criterion includeplatform="true" type="testsoverview" />
        <criterion type="threads" enabled="false" filterbyid="false" />
        <criterion type="timeframe">
          <timeframe start="0" end="9223372036854775807" type="Auto" />
        </criterion>
        <criterion useendtimefortimeframefilter="false" type="visits">
          <visitidset />
        </criterion>
        <criterion type="webpage">
          <textpattern name="timerName" type="contains" enabled="true" />
          <textpattern name="pageContext" type="contains" enabled="true" />
        </criterion>
        <criterion type="webrequest">
          <filteruripattern>
            <stringmatchpattern match="contains" text="" />
          </filteruripattern>
          <filterquerypattern>
            <stringmatchpattern match="contains" text="" />
          </filterquerypattern>
        </criterion>
      </filter>
    </comparesettings>
    <reportconfig print.images="true" formatpdf="com.dynatrace.diagnostics.report.velocity.format.pdfrenderer" orientation="portrait" description="" title="New Dashboard" type="HTML" enabled="true" formathtml="com.dynatrace.diagnostics.report.velocity.format.htmlrenderer" lines.per.table="100" pagesize="A4" override="false" optimizeequalcolumns="true" print.legends="true" levels.per.tree="10" />
    <filter>
      <criterion type="admfilteranalyzer" />
      <criterion mode="all" type="agents" completepurepath="true">
        <textpattern name="agentname" type="contains" enabled="true" />
        <textpattern name="agenthost" type="contains" enabled="true" />
      </criterion>
      <criterion type="and" />
      <criterion mode="all" excludeexternalsubpaths="false" type="api" />
      <criterion mode="all" type="applications" />
      <criterion type="btm" />
      <criterion type="casuemdimension" />
      <criterion type="dbdetails" />
      <criterion intervalend="0" intervalstart="0" type="dcrumdimension" filterinterval="false" />
      <criterion analyzeserverpath="true" analyzeclienterrors="false" isactive="true" analyzeenduserpath="true" type="enduserpath" />
      <criterion mode="all" type="hosts" completepurepath="true" />
      <criterion severitiesmode="all" statesmode="all" type="incident" rulesmode="all" severities="" states="" />
      <criterion type="or" />
      <criterion mode="all" enduser="false" type="purepaths">
        <textpattern type="contains" enabled="true" />
        <pathidentifier agentid="-825532096" tagid="1576" filepathid="1" />
      </criterion>
      <criterion includemeasurename="false" includeplatform="true" includetestname="false" teststatus="FAILED,INVALIDATED,VOLATILE,DEGRADED,IMPROVED,MISSING,passed" type="tests" testcategory="UNIT,BROWSER_TIMER,BROWSER_AUTO_TIMER,PERFORMANCE,LOAD,WEB_API,EXTERNAL" />
      <criterion includeplatform="true" type="testsoverview" />
      <criterion type="threads" enabled="false" filterbyid="false" />
      <criterion type="timeframe">
        <timeframe start="0" end="9223372036854775807" type="Auto" />
      </criterion>
      <criterion useendtimefortimeframefilter="false" type="visits">
        <visitidset />
      </criterion>
      <criterion type="webpage">
        <textpattern name="timerName" type="contains" enabled="true" />
        <textpattern name="pageContext" type="contains" enabled="true" />
      </criterion>
      <criterion type="webrequest">
        <filteruripattern>
          <stringmatchpattern match="contains" text="" />
        </filteruripattern>
        <filterquerypattern>
          <stringmatchpattern match="contains" text="" />
        </filterquerypattern>
      </criterion>
    </filter>
    <autorefreshconfig unit="MINUTES" time="5" enabled="true" />
    <designconfig autoscroll="false" namefontsize="10" descriptionshow="true" headertype="CUSTOM" nameshow="true" descriptionfontstyle="NORMAL" namealignment="CENTER" namefontstyle="BOLD" descriptionfontsize="8" clienttheme="DEFAULT" descriptionfontcolor="128,128,128" descriptionalignment="CENTER" autoadjustfontsizes="false" />
    <dashboardlayout>
      <portletfolder selectionindex="0" relationtype="LEFT" portletconfigorder="0577082f-0e26-4c7b-8b82-c861acd1039b" folderid="org.eclipse.ui.internal.ViewStack@54096e" relatedfolderid="DashboardLayout.blankArea" ratio="0.95">
        <designconfig namefontsize="16" descriptionshow="true" headertype="CUSTOM" nameshow="true" descriptionfontstyle="NORMAL" namealignment="CENTER" namefontstyle="BOLD" descriptionfontsize="12" inherited="false" descriptionfontcolor="128,128,128" descriptionalignment="CENTER" />
      </portletfolder>
      <portletfolder selectionindex="-1" relationtype="BOTTOM" portletconfigorder="" isplaceholder="true" folderid="org.eclipse.ui.internal.ViewStack@126ef3c" relatedfolderid="org.eclipse.ui.internal.ViewStack@54096e" ratio="0.12759924" />
      <portletfolder selectionindex="-1" relationtype="BOTTOM" portletconfigorder="" isplaceholder="true" folderid="leftFolder" relatedfolderid="org.eclipse.ui.internal.ViewStack@126ef3c" ratio="0.079089925" />
      <portletfolder selectionindex="-1" relationtype="RIGHT" portletconfigorder="" isplaceholder="true" folderid="org.eclipse.ui.internal.ViewStack@18ade0f" relatedfolderid="leftFolder" ratio="0.14234875" />
      <portletfolder selectionindex="-1" relationtype="BOTTOM" portletconfigorder="" isplaceholder="true" folderid="org.eclipse.ui.internal.ViewStack@57e9a4" relatedfolderid="org.eclipse.ui.internal.ViewStack@18ade0f" ratio="0.32827735" />
      <portletfolder selectionindex="-1" relationtype="BOTTOM" portletconfigorder="" isplaceholder="true" folderid="org.eclipse.ui.internal.ViewStack@10b3aae" relatedfolderid="org.eclipse.ui.internal.ViewStack@57e9a4" ratio="0.049837485" />
      <portletfolder selectionindex="-1" relationtype="BOTTOM" portletconfigorder="" isplaceholder="true" folderid="org.eclipse.ui.internal.ViewStack@ae41f2" relatedfolderid="org.eclipse.ui.internal.ViewStack@10b3aae" ratio="0.20910075" />
      <portletfolder selectionindex="0" relationtype="BOTTOM" portletconfigorder="a0477ef8-01c5-4f97-8da0-3fee33757f42" folderid="org.eclipse.ui.internal.ViewStack@369699" relatedfolderid="org.eclipse.ui.internal.ViewStack@ae41f2" ratio="0.39219934">
        <designconfig namefontsize="10" descriptionshow="true" headertype="HEADLESS" nameshow="true" descriptionfontstyle="NORMAL" namealignment="CENTER" namefontstyle="BOLD" descriptionfontsize="8" inherited="true" descriptionfontcolor="128,128,128" descriptionalignment="CENTER" />
      </portletfolder>
      <portletfolder selectionindex="0" relationtype="RIGHT" portletconfigorder="3c7248cb-ff69-4de5-80d1-b759986e6fc0" folderid="org.eclipse.ui.internal.ViewStack@f12348" relatedfolderid="org.eclipse.ui.internal.ViewStack@369699" ratio="0.49762753">
        <designconfig namefontsize="10" descriptionshow="true" headertype="HEADLESS" nameshow="true" descriptionfontstyle="NORMAL" namealignment="CENTER" namefontstyle="BOLD" descriptionfontsize="8" inherited="true" descriptionfontcolor="128,128,128" descriptionalignment="CENTER" />
      </portletfolder>
      <portletfolder selectionindex="0" relationtype="BOTTOM" portletconfigorder="d41e3461-a223-414a-b4da-4d8bf62cd2ae" folderid="org.eclipse.ui.internal.ViewStack@a1b144" relatedfolderid="org.eclipse.ui.internal.ViewStack@ae41f2" ratio="0.45856354">
        <designconfig namefontsize="10" descriptionshow="true" headertype="HEADLESS" nameshow="true" descriptionfontstyle="NORMAL" namealignment="CENTER" namefontstyle="BOLD" descriptionfontsize="8" inherited="true" descriptionfontcolor="128,128,128" descriptionalignment="CENTER" />
      </portletfolder>
      <portletfolder selectionindex="0" relationtype="RIGHT" portletconfigorder="0e805c46-5315-4db9-9afd-c7686fa62340" folderid="org.eclipse.ui.internal.ViewStack@10171cf" relatedfolderid="org.eclipse.ui.internal.ViewStack@a1b144" ratio="0.4997183">
        <designconfig namefontsize="10" descriptionshow="true" headertype="DEFAULT" nameshow="true" descriptionfontstyle="NORMAL" namealignment="CENTER" namefontstyle="BOLD" descriptionfontsize="8" inherited="true" descriptionfontcolor="128,128,128" descriptionalignment="CENTER" />
      </portletfolder>
      <portletfolder selectionindex="-1" relationtype="BOTTOM" portletconfigorder="" isplaceholder="true" folderid="org.eclipse.ui.internal.ViewStack@2638ac" relatedfolderid="org.eclipse.ui.internal.ViewStack@18ade0f" ratio="0.04950495" />
      <portletfolder selectionindex="-1" relationtype="RIGHT" portletconfigorder="" isplaceholder="true" folderid="org.eclipse.ui.internal.ViewStack@646e21" relatedfolderid="org.eclipse.ui.internal.ViewStack@2638ac" ratio="0.26037958" />
      <portletfolder selectionindex="-1" relationtype="RIGHT" portletconfigorder="" isplaceholder="true" folderid="org.eclipse.ui.internal.ViewStack@199d232" relatedfolderid="org.eclipse.ui.internal.ViewStack@646e21" ratio="0.48042706" />
      <portletfolder selectionindex="-1" relationtype="BOTTOM" portletconfigorder="" isplaceholder="true" folderid="org.eclipse.ui.internal.ViewStack@c37c73" relatedfolderid="org.eclipse.ui.internal.ViewStack@199d232" ratio="0.04950495" />
      <portletfolder selectionindex="0" relationtype="RIGHT" portletconfigorder="64b9c997-1603-487e-b00f-20d2d3b27495" folderid="org.eclipse.ui.internal.ViewStack@119dc10" relatedfolderid="org.eclipse.ui.internal.ViewStack@c37c73" ratio="0.49822065">
        <designconfig namefontsize="10" descriptionshow="true" headertype="DEFAULT" nameshow="true" descriptionfontstyle="NORMAL" namealignment="CENTER" namefontstyle="BOLD" descriptionfontsize="8" inherited="true" descriptionfontcolor="128,128,128" descriptionalignment="CENTER" />
      </portletfolder>
      <portletfolder selectionindex="0" relationtype="RIGHT" portletconfigorder="055adb8c-81f5-49e7-8f99-586c478c4a50" folderid="org.eclipse.ui.internal.ViewStack@1ca3b5e" relatedfolderid="org.eclipse.ui.internal.ViewStack@119dc10" ratio="0.65954924">
        <designconfig namefontsize="10" descriptionshow="true" headertype="DEFAULT" nameshow="true" descriptionfontstyle="NORMAL" namealignment="CENTER" namefontstyle="BOLD" descriptionfontsize="8" inherited="true" descriptionfontcolor="128,128,128" descriptionalignment="CENTER" />
      </portletfolder>
      <portletfolder selectionindex="0" relationtype="RIGHT" portletconfigorder="0d852498-2f7b-4333-b6d4-3b08ec232686" folderid="org.eclipse.ui.internal.ViewStack@1bc45a2" relatedfolderid="org.eclipse.ui.internal.ViewStack@119dc10" ratio="0.5">
        <designconfig namefontsize="10" descriptionshow="true" headertype="DEFAULT" nameshow="true" descriptionfontstyle="NORMAL" namealignment="CENTER" namefontstyle="BOLD" descriptionfontsize="8" inherited="true" descriptionfontcolor="128,128,128" descriptionalignment="CENTER" />
      </portletfolder>
    </dashboardlayout>
    <portletconfig usedashboardsourceforcompare="true" usespecificautorefresh="false" sessiontype="live" icon="com.dynatrace.diagnostics.sdk/default.gif" description="" locationascomparesource="true" sessionid="easyTravel" usedashboardsource="true" folderid="org.eclipse.ui.internal.ViewStack@369699" locationassource="true" addfilterinfo="false" name="Performance Regression of Database Layer" ismaster="false" typeid="com.dynatrace.diagnostics.portlets.database.Database" id="a0477ef8-01c5-4f97-8da0-3fee33757f42" displaymode="Difference">
      <comparesettings sessiontype="stored" sessionid="easyTravel/20130308121832_0.session">
        <filter>
          <criterion mode="all" type="agents" completepurepath="true">
            <textpattern name="agentname" type="contains" enabled="true" />
            <textpattern name="agenthost" type="contains" enabled="true" />
          </criterion>
          <criterion mode="INACTIVE" type="analysiscache" />
          <criterion type="and" />
          <criterion mode="all" excludeexternalsubpaths="false" type="api" />
          <criterion mode="all" type="applications" />
          <criterion type="btm" />
          <criterion type="casuemdimension" />
          <criterion type="dbdetails" />
          <criterion intervalend="0" intervalstart="0" type="dcrumdimension" filterinterval="false" />
          <criterion analyzeserverpath="true" analyzeclienterrors="false" isactive="true" analyzeenduserpath="true" type="enduserpath" />
          <criterion mode="all" type="hosts" completepurepath="true" />
          <criterion type="or" />
          <criterion mode="all" enduser="false" type="purepaths">
            <textpattern type="contains" enabled="true" />
          </criterion>
          <criterion type="threads" enabled="false" filterbyid="false" />
          <criterion type="timeframe">
            <timeframe start="0" end="9223372036854775807" type="Auto" />
          </criterion>
          <criterion customdefaultcolumnindex="0" columnlabel="" columnindex="0" isactive="false" sort="highestValues" type="topx" maxnrofrecords="10" customdefaultcolumnlabel="" />
          <criterion useendtimefortimeframefilter="false" type="visits">
            <visitidset />
          </criterion>
          <criterion type="webpage">
            <textpattern name="timerName" type="contains" enabled="true" />
            <textpattern name="pageContext" type="contains" enabled="true" />
          </criterion>
          <criterion type="webrequest">
            <filteruripattern>
              <stringmatchpattern match="contains" text="" />
            </filteruripattern>
            <filterquerypattern>
              <stringmatchpattern match="contains" text="" />
            </filterquerypattern>
          </criterion>
          <inheritancemap />
        </filter>
      </comparesettings>
      <reportconfig print.images="true" lines.per.table="100" override="false" optimizeequalcolumns="true" print.legends="true" reportposition="17" enabled="true" levels.per.tree="10" />
      <filter>
        <criterion mode="all" type="agents" completepurepath="true">
          <textpattern name="agentname" type="contains" enabled="true" />
          <textpattern name="agenthost" type="contains" enabled="true" />
        </criterion>
        <criterion mode="INACTIVE" type="analysiscache" />
        <criterion type="and" />
        <criterion mode="all" excludeexternalsubpaths="false" type="api" />
        <criterion mode="all" type="applications" />
        <criterion type="btm" />
        <criterion type="casuemdimension" />
        <criterion type="dbdetails" />
        <criterion intervalend="0" intervalstart="0" type="dcrumdimension" filterinterval="false" />
        <criterion analyzeserverpath="true" analyzeclienterrors="false" isactive="true" analyzeenduserpath="true" type="enduserpath" />
        <criterion mode="all" type="hosts" completepurepath="true" />
        <criterion type="or" />
        <criterion mode="all" enduser="false" type="purepaths">
          <textpattern type="contains" enabled="true" />
          <pathidentifier agentid="-825532096" tagid="1576" filepathid="1" />
        </criterion>
        <criterion type="threads" enabled="false" filterbyid="false" />
        <criterion type="timeframe">
          <timeframe start="0" end="9223372036854775807" type="Auto" />
        </criterion>
        <criterion customdefaultcolumnindex="3" columnlabel="Executions" columnindex="3" isactive="false" sort="highestValues" type="topx" maxnrofrecords="10" customdefaultcolumnlabel="Executions" />
        <criterion useendtimefortimeframefilter="false" type="visits">
          <visitidset />
        </criterion>
        <criterion type="webpage">
          <textpattern name="timerName" type="contains" enabled="true" />
          <textpattern name="pageContext" type="contains" enabled="true" />
        </criterion>
        <criterion type="webrequest">
          <filteruripattern>
            <stringmatchpattern match="contains" text="" />
          </filteruripattern>
          <filterquerypattern>
            <stringmatchpattern match="contains" text="" />
          </filterquerypattern>
        </criterion>
        <inheritancemap />
      </filter>
      <autorefreshconfig unit="MINUTES" time="3" enabled="true" />
      <sashconfig displayoption="TABLE" weights="1,1" />
      <datamodelconfig chartsortcolumn="31" selectedtab="1">
        <table structuremode="connectionpools" sortcolumn="27" drawcolumn="-1" columnorder="0,1,2,16,17,18,19,20,21,3,27,32,29,6,7,8,13,23,9,4,35,5,10,11,24,12,14,15,22,25,26,28,34,30,31,33,36,37,38">
          <column forcevisible="false" hidden="false" width="300" index="0" sort="None" />
          <column forcevisible="false" hidden="false" width="300" index="1" sort="None" />
          <column forcevisible="false" hidden="true" width="300" index="2" sort="None" />
          <column forcevisible="false" hidden="true" width="340" index="3" sort="None" />
          <column forcevisible="false" hidden="false" width="90" index="4" sort="None" />
          <column forcevisible="false" hidden="true" width="90" index="5" sort="None" />
          <column forcevisible="false" hidden="false" width="120" index="6" sort="None" />
          <column forcevisible="false" hidden="false" width="120" index="7" sort="None" />
          <column forcevisible="false" hidden="false" width="120" index="8" sort="None" />
          <column forcevisible="false" hidden="false" width="140" index="9" sort="None" />
          <column forcevisible="false" hidden="true" width="140" index="10" sort="None" />
          <column forcevisible="false" hidden="true" width="140" index="11" sort="None" />
          <column forcevisible="false" hidden="true" width="140" index="12" sort="None" />
          <column forcevisible="false" hidden="true" width="140" index="13" sort="None" />
          <column forcevisible="false" hidden="true" width="140" index="14" sort="None" />
          <column forcevisible="false" hidden="true" width="140" index="15" sort="None" />
          <column forcevisible="false" hidden="true" width="100" index="16" sort="None" />
          <column forcevisible="false" hidden="true" width="100" index="17" sort="None" />
          <column forcevisible="false" hidden="true" width="100" index="18" sort="None" />
          <column forcevisible="false" hidden="true" width="100" index="19" sort="None" />
          <column forcevisible="false" hidden="true" width="100" index="20" sort="None" />
          <column forcevisible="false" hidden="true" width="200" index="21" sort="None" />
          <column forcevisible="false" hidden="true" width="100" index="22" sort="None" />
          <column forcevisible="false" hidden="true" width="120" index="23" sort="None" />
          <column forcevisible="false" hidden="true" width="120" index="24" sort="None" />
          <column forcevisible="false" hidden="true" width="120" index="25" sort="None" />
          <column forcevisible="false" hidden="true" width="120" index="26" sort="None" />
          <column forcevisible="false" hidden="false" width="120" index="27" sort="None" />
          <column forcevisible="false" hidden="true" width="120" index="28" sort="None" />
          <column forcevisible="false" hidden="false" width="120" index="29" sort="None" />
          <column forcevisible="false" hidden="true" width="120" index="30" sort="None" />
          <column forcevisible="false" hidden="true" width="120" index="31" sort="None" />
          <column forcevisible="false" hidden="false" width="120" index="32" sort="None" />
          <column forcevisible="false" hidden="true" width="20" index="33" sort="None" />
          <column forcevisible="false" hidden="true" width="120" index="34" sort="None" />
          <column forcevisible="false" hidden="false" width="90" index="35" sort="None" />
          <column forcevisible="false" hidden="true" width="90" index="36" sort="None" />
          <column forcevisible="false" hidden="false" width="90" index="37" sort="None" />
          <column forcevisible="false" hidden="true" width="300" index="38" sort="None" />
        </table>
        <table structuremode="flat" sortcolumn="30" drawcolumn="-1" columnorder="0,1,2,16,17,18,19,20,21,3,30,4,5,6,7,8,29,9,35,13,23,10,11,12,24,14,15,22,25,26,27,28,34,31,32,33,36,37,38">
          <column forcevisible="false" hidden="false" width="300" index="0" sort="None" />
          <column forcevisible="false" hidden="false" width="300" index="1" sort="None" />
          <column forcevisible="false" hidden="true" width="300" index="2" sort="None" />
          <column forcevisible="false" hidden="true" width="340" index="3" sort="None" />
          <column forcevisible="false" hidden="false" width="90" index="4" sort="None" />
          <column forcevisible="false" hidden="false" width="90" index="5" sort="None" />
          <column forcevisible="false" hidden="false" width="120" index="6" sort="None" />
          <column forcevisible="false" hidden="false" width="120" index="7" sort="None" />
          <column forcevisible="false" hidden="false" width="120" index="8" sort="None" />
          <column forcevisible="false" hidden="false" width="140" index="9" sort="None" />
          <column forcevisible="false" hidden="true" width="140" index="10" sort="None" />
          <column forcevisible="false" hidden="true" width="140" index="11" sort="None" />
          <column forcevisible="false" hidden="true" width="140" index="12" sort="None" />
          <column forcevisible="false" hidden="true" width="140" index="13" sort="None" />
          <column forcevisible="false" hidden="true" width="140" index="14" sort="None" />
          <column forcevisible="false" hidden="true" width="140" index="15" sort="None" />
          <column forcevisible="false" hidden="true" width="100" index="16" sort="None" />
          <column forcevisible="false" hidden="true" width="100" index="17" sort="None" />
          <column forcevisible="false" hidden="true" width="100" index="18" sort="None" />
          <column forcevisible="false" hidden="true" width="100" index="19" sort="None" />
          <column forcevisible="false" hidden="true" width="100" index="20" sort="None" />
          <column forcevisible="false" hidden="true" width="200" index="21" sort="None" />
          <column forcevisible="false" hidden="true" width="100" index="22" sort="None" />
          <column forcevisible="false" hidden="true" width="120" index="23" sort="None" />
          <column forcevisible="false" hidden="true" width="120" index="24" sort="None" />
          <column forcevisible="false" hidden="true" width="120" index="25" sort="None" />
          <column forcevisible="false" hidden="true" width="120" index="26" sort="None" />
          <column forcevisible="false" hidden="true" width="120" index="27" sort="None" />
          <column forcevisible="false" hidden="true" width="120" index="28" sort="None" />
          <column forcevisible="false" hidden="false" width="120" index="29" sort="None" />
          <column forcevisible="false" hidden="false" width="120" index="30" sort="Down" />
          <column forcevisible="false" hidden="true" width="120" index="31" sort="None" />
          <column forcevisible="false" hidden="true" width="120" index="32" sort="None" />
          <column forcevisible="false" hidden="true" width="20" index="33" sort="None" />
          <column forcevisible="false" hidden="true" width="120" index="34" sort="None" />
          <column forcevisible="false" hidden="false" width="90" index="35" sort="None" />
          <column forcevisible="false" hidden="true" width="90" index="36" sort="None" />
          <column forcevisible="false" hidden="false" width="90" index="37" sort="None" />
          <column forcevisible="false" hidden="true" width="300" index="38" sort="None" />
        </table>
        <table structuremode="poolusage" sortcolumn="10" drawcolumn="-1" columnorder="0,1,2,22,16,17,18,19,20,21,3,4,5,6,7,8,9,10,11,15,13,24,12,23,14,35,25,26,27,28,34,29,30,31,32,33,36,37,38">
          <column forcevisible="false" hidden="false" width="300" index="0" sort="None" />
          <column forcevisible="false" hidden="true" width="300" index="1" sort="None" />
          <column forcevisible="false" hidden="true" width="300" index="2" sort="None" />
          <column forcevisible="false" hidden="true" width="340" index="3" sort="None" />
          <column forcevisible="false" hidden="true" width="90" index="4" sort="None" />
          <column forcevisible="false" hidden="true" width="90" index="5" sort="None" />
          <column forcevisible="false" hidden="true" width="120" index="6" sort="None" />
          <column forcevisible="false" hidden="true" width="120" index="7" sort="None" />
          <column forcevisible="false" hidden="true" width="120" index="8" sort="None" />
          <column forcevisible="false" hidden="true" width="140" index="9" sort="None" />
          <column forcevisible="false" hidden="false" width="140" index="10" sort="None" />
          <column forcevisible="false" hidden="false" width="140" index="11" sort="None" />
          <column forcevisible="false" hidden="false" width="140" index="12" sort="None" />
          <column forcevisible="false" hidden="false" width="140" index="13" sort="None" />
          <column forcevisible="false" hidden="false" width="140" index="14" sort="None" />
          <column forcevisible="false" hidden="false" width="140" index="15" sort="None" />
          <column forcevisible="false" hidden="true" width="100" index="16" sort="None" />
          <column forcevisible="false" hidden="true" width="100" index="17" sort="None" />
          <column forcevisible="false" hidden="true" width="100" index="18" sort="None" />
          <column forcevisible="false" hidden="true" width="100" index="19" sort="None" />
          <column forcevisible="false" hidden="true" width="100" index="20" sort="None" />
          <column forcevisible="false" hidden="true" width="200" index="21" sort="None" />
          <column forcevisible="false" hidden="false" width="100" index="22" sort="None" />
          <column forcevisible="false" hidden="false" width="120" index="23" sort="None" />
          <column forcevisible="false" hidden="true" width="120" index="24" sort="None" />
          <column forcevisible="false" hidden="true" width="120" index="25" sort="None" />
          <column forcevisible="false" hidden="true" width="120" index="26" sort="None" />
          <column forcevisible="false" hidden="true" width="120" index="27" sort="None" />
          <column forcevisible="false" hidden="true" width="120" index="28" sort="None" />
          <column forcevisible="false" hidden="true" width="120" index="29" sort="None" />
          <column forcevisible="false" hidden="true" width="120" index="30" sort="None" />
          <column forcevisible="false" hidden="true" width="120" index="31" sort="None" />
          <column forcevisible="false" hidden="true" width="120" index="32" sort="None" />
          <column forcevisible="false" hidden="true" width="20" index="33" sort="None" />
          <column forcevisible="false" hidden="true" width="120" index="34" sort="None" />
          <column forcevisible="false" hidden="false" width="90" index="35" sort="None" />
          <column forcevisible="false" hidden="true" width="90" index="36" sort="None" />
          <column forcevisible="false" hidden="true" width="90" index="37" sort="None" />
          <column forcevisible="false" hidden="true" width="300" index="38" sort="None" />
        </table>
      </datamodelconfig>
      <analyzerparameters fixmissingpools="true" analyzerrecordlimit="-1" requiredrilldowndata="true" fixinsignificantpools="true" analyzergrouping="sqlstatementBindvalues">
        <keysmap />
      </analyzerparameters>
    </portletconfig>
    <portletconfig usedashboardsourceforcompare="true" usespecificautorefresh="false" sessiontype="live" icon="com.dynatrace.diagnostics.sdk/default.gif" description="" locationascomparesource="true" sessionid="easyTravel" usedashboardsource="true" folderid="org.eclipse.ui.internal.ViewStack@a1b144" locationassource="true" addfilterinfo="false" name="Performance Regression Analysis of Web Requests &amp; Web Services" ismaster="false" typeid="com.dynatrace.diagnostics.portlets.webrequest.WebRequest" id="d41e3461-a223-414a-b4da-4d8bf62cd2ae" displaymode="Difference">
      <comparesettings sessiontype="stored" sessionid="easyTravel/20130308121832_0.session">
        <filter>
          <criterion mode="all" type="agents" completepurepath="true">
            <textpattern name="agentname" type="contains" enabled="true" />
            <textpattern name="agenthost" type="contains" enabled="true" />
          </criterion>
          <criterion mode="INACTIVE" type="analysiscache" />
          <criterion type="and" />
          <criterion mode="all" excludeexternalsubpaths="false" type="api" />
          <criterion mode="all" type="applications" />
          <criterion type="btm" />
          <criterion type="casuemdimension" />
          <criterion type="dbdetails" />
          <criterion intervalend="0" intervalstart="0" type="dcrumdimension" filterinterval="false" />
          <criterion mode="all" type="hosts" completepurepath="true" />
          <criterion type="or" />
          <criterion mode="all" enduser="false" type="purepaths">
            <textpattern type="contains" enabled="true" />
          </criterion>
          <criterion type="threads" enabled="false" filterbyid="false" />
          <criterion type="timeframe">
            <timeframe start="0" end="9223372036854775807" type="Auto" />
          </criterion>
          <criterion customdefaultcolumnindex="0" columnlabel="" columnindex="0" isactive="false" sort="highestValues" type="topx" maxnrofrecords="10" customdefaultcolumnlabel="" />
          <criterion useendtimefortimeframefilter="false" type="visits">
            <visitidset />
          </criterion>
          <criterion type="webpage">
            <textpattern name="timerName" type="contains" enabled="true" />
            <textpattern name="pageContext" type="contains" enabled="true" />
          </criterion>
          <criterion type="webrequest">
            <filteruripattern>
              <stringmatchpattern match="contains" text="" />
            </filteruripattern>
            <filterquerypattern>
              <stringmatchpattern match="contains" text="" />
            </filterquerypattern>
          </criterion>
          <inheritancemap />
        </filter>
      </comparesettings>
      <reportconfig print.images="true" lines.per.table="100" override="false" optimizeequalcolumns="true" print.legends="true" reportposition="15" enabled="true" levels.per.tree="10" />
      <filter>
        <criterion mode="all" type="agents" completepurepath="true">
          <textpattern name="agentname" type="contains" enabled="true" />
          <textpattern name="agenthost" type="contains" enabled="true" />
        </criterion>
        <criterion mode="INACTIVE" type="analysiscache" />
        <criterion type="and" />
        <criterion mode="all" excludeexternalsubpaths="false" type="api" />
        <criterion mode="all" type="applications" />
        <criterion type="btm" />
        <criterion type="casuemdimension" />
        <criterion type="dbdetails" />
        <criterion intervalend="0" intervalstart="0" type="dcrumdimension" filterinterval="false" />
        <criterion mode="all" type="hosts" completepurepath="true" />
        <criterion type="or" />
        <criterion mode="all" enduser="false" type="purepaths">
          <textpattern type="contains" enabled="true" />
          <pathidentifier agentid="-825532096" tagid="1576" filepathid="1" />
        </criterion>
        <criterion type="threads" enabled="false" filterbyid="false" />
        <criterion type="timeframe">
          <timeframe start="0" end="9223372036854775807" type="Auto" />
        </criterion>
        <criterion customdefaultcolumnindex="0" columnlabel="" columnindex="0" isactive="false" sort="highestValues" type="topx" maxnrofrecords="10" customdefaultcolumnlabel="" />
        <criterion useendtimefortimeframefilter="false" type="visits">
          <visitidset />
        </criterion>
        <criterion type="webpage">
          <textpattern name="timerName" type="contains" enabled="true" />
          <textpattern name="pageContext" type="contains" enabled="true" />
        </criterion>
        <criterion type="webrequest">
          <filteruripattern>
            <stringmatchpattern match="contains" text="" />
          </filteruripattern>
          <filterquerypattern>
            <stringmatchpattern match="contains" text="" />
          </filterquerypattern>
        </criterion>
        <inheritancemap />
      </filter>
      <autorefreshconfig unit="MINUTES" time="5" enabled="false" />
      <sashconfig displayoption="CHART_AND_TABLE" weights="1,1" />
      <datamodelconfig>
        <table sortcolumn="4" drawcolumn="-1" columnorder="26,0,30,1,28,29,2,3,4,5,27,6,7,8,9,10,11,12,13,14,15,16,17,18,19,20,21,22,23,24,25,31,32,33,34">
          <column forcevisible="false" hidden="false" width="20" index="0" sort="None" />
          <column forcevisible="false" hidden="false" width="262" index="1" sort="None" />
          <column forcevisible="false" hidden="true" width="148" index="2" sort="None" />
          <column forcevisible="false" hidden="true" width="80" index="3" sort="None" />
          <column forcevisible="false" hidden="false" width="152" index="4" sort="Up" />
          <column forcevisible="false" hidden="true" width="80" index="5" sort="None" />
          <column forcevisible="false" hidden="true" width="80" index="6" sort="None" />
          <column forcevisible="false" hidden="true" width="80" index="7" sort="None" />
          <column forcevisible="true" hidden="false" width="90" index="8" sort="None" />
          <column forcevisible="false" hidden="true" width="80" index="9" sort="None" />
          <column forcevisible="false" hidden="true" width="80" index="10" sort="None" />
          <column forcevisible="false" hidden="true" width="80" index="11" sort="None" />
          <column forcevisible="false" hidden="false" width="154" index="12" sort="None" />
          <column forcevisible="false" hidden="true" width="100" index="13" sort="None" />
          <column forcevisible="false" hidden="true" width="100" index="14" sort="None" />
          <column forcevisible="false" hidden="true" width="100" index="15" sort="None" />
          <column forcevisible="false" hidden="false" width="120" index="16" sort="None" />
          <column forcevisible="false" hidden="true" width="100" index="17" sort="None" />
          <column forcevisible="false" hidden="true" width="100" index="18" sort="None" />
          <column forcevisible="false" hidden="true" width="100" index="19" sort="None" />
          <column forcevisible="false" hidden="false" width="954" index="20" sort="Up" />
          <column forcevisible="false" hidden="true" width="90" index="21" sort="None" />
          <column forcevisible="false" hidden="true" width="90" index="22" sort="None" />
          <column forcevisible="false" hidden="true" width="90" index="23" sort="None" />
          <column forcevisible="false" hidden="true" width="100" index="24" sort="None" />
          <column forcevisible="false" hidden="true" width="100" index="25" sort="None" />
          <column forcevisible="false" hidden="false" width="20" index="26" sort="None" />
          <column forcevisible="false" hidden="false" width="90" index="27" sort="None" />
          <column forcevisible="false" hidden="false" width="100" index="28" sort="None" />
          <column forcevisible="false" hidden="true" width="100" index="29" sort="None" />
          <column forcevisible="false" hidden="false" width="34" index="30" sort="None" />
          <column forcevisible="false" hidden="false" width="100" index="31" sort="None" />
          <column forcevisible="false" hidden="true" width="100" index="32" sort="None" />
          <column forcevisible="false" hidden="true" width="100" index="33" sort="None" />
          <column forcevisible="false" hidden="false" width="100" index="34" sort="None" />
        </table>
      </datamodelconfig>
      <analyzerparameters analyzershow="false" analyzerrecordlimit="-1" requiredrilldowndata="true" analyzergrouping="uri" />
    </portletconfig>
    <portletconfig usedashboardsourceforcompare="true" usespecificautorefresh="false" sessiontype="live" icon="com.dynatrace.diagnostics.sdk/default.gif" description="" locationascomparesource="true" sessionid="easyTravel" usedashboardsource="true" folderid="org.eclipse.ui.internal.ViewStack@1ca3b5e" locationassource="true" addfilterinfo="false" name="Layer Comparision - Search" ismaster="false" typeid="com.dynatrace.diagnostics.portlets.api.Api" id="055adb8c-81f5-49e7-8f99-586c478c4a50" displaymode="Difference">
      <comparesettings sessiontype="stored" sessionid="easyTravel/20130308121832_0.session">
        <filter>
          <criterion mode="all" type="agents" completepurepath="true">
            <textpattern name="agentname" type="contains" enabled="true" />
            <textpattern name="agenthost" type="contains" enabled="true" />
          </criterion>
          <criterion mode="INACTIVE" type="analysiscache" />
          <criterion type="and" />
          <criterion mode="all" excludeexternalsubpaths="false" type="api" />
          <criterion mode="all" type="applications" />
          <criterion type="btm">
            <record legacymode="false" configuredforfullsplit="false" transaction="easyTravel Trip Search" />
          </criterion>
          <criterion type="casuemdimension" />
          <criterion type="dbdetails" />
          <criterion intervalend="0" intervalstart="0" type="dcrumdimension" filterinterval="false" />
          <criterion mode="all" type="hosts" completepurepath="true" />
          <criterion type="or" />
          <criterion mode="all" enduser="false" type="purepaths">
            <textpattern type="contains" enabled="true" />
          </criterion>
          <criterion type="threads" enabled="false" filterbyid="false" />
          <criterion type="timeframe">
            <timeframe start="0" end="9223372036854775807" type="Auto" />
          </criterion>
          <criterion customdefaultcolumnindex="0" columnlabel="" columnindex="0" isactive="false" sort="highestValues" type="topx" maxnrofrecords="10" customdefaultcolumnlabel="" />
          <criterion useendtimefortimeframefilter="false" type="visits">
            <visitidset />
          </criterion>
          <criterion type="webpage">
            <textpattern name="timerName" type="contains" enabled="true" />
            <textpattern name="pageContext" type="contains" enabled="true" />
          </criterion>
          <criterion type="webrequest">
            <filteruripattern>
              <stringmatchpattern match="contains" text="" />
            </filteruripattern>
            <filterquerypattern>
              <stringmatchpattern match="contains" text="" />
            </filterquerypattern>
          </criterion>
          <inheritancemap>
            <inheritanceentry inherited="false" type="btm" />
          </inheritancemap>
        </filter>
      </comparesettings>
      <reportconfig print.images="true" lines.per.table="100" override="false" optimizeequalcolumns="true" print.legends="true" reportposition="14" enabled="true" levels.per.tree="10" />
      <filter>
        <criterion mode="all" type="agents" completepurepath="true">
          <textpattern name="agentname" type="contains" enabled="true" />
          <textpattern name="agenthost" type="contains" enabled="true" />
        </criterion>
        <criterion mode="INACTIVE" type="analysiscache" />
        <criterion type="and" />
        <criterion mode="all" excludeexternalsubpaths="false" type="api" />
        <criterion mode="all" type="applications" />
        <criterion type="btm">
          <record legacymode="false" configuredforfullsplit="false" transaction="easyTravel Trip Search" />
        </criterion>
        <criterion type="casuemdimension" />
        <criterion type="dbdetails" />
        <criterion intervalend="0" intervalstart="0" type="dcrumdimension" filterinterval="false" />
        <criterion mode="all" type="hosts" completepurepath="true" />
        <criterion type="or" />
        <criterion mode="all" enduser="false" type="purepaths">
          <textpattern type="contains" enabled="true" />
          <pathidentifier agentid="-825532096" tagid="1576" filepathid="1" />
        </criterion>
        <criterion type="threads" enabled="false" filterbyid="false" />
        <criterion type="timeframe">
          <timeframe start="0" end="9223372036854775807" type="Auto" />
        </criterion>
        <criterion customdefaultcolumnindex="1" columnlabel="Exec Avg [ms]" columnindex="1" isactive="false" sort="highestValues" type="topx" maxnrofrecords="10" customdefaultcolumnlabel="Exec Avg [ms]" />
        <criterion useendtimefortimeframefilter="false" type="visits">
          <visitidset />
        </criterion>
        <criterion type="webpage">
          <textpattern name="timerName" type="contains" enabled="true" />
          <textpattern name="pageContext" type="contains" enabled="true" />
        </criterion>
        <criterion type="webrequest">
          <filteruripattern>
            <stringmatchpattern match="contains" text="" />
          </filteruripattern>
          <filterquerypattern>
            <stringmatchpattern match="contains" text="" />
          </filterquerypattern>
        </criterion>
        <inheritancemap>
          <inheritanceentry inherited="false" type="btm" />
        </inheritancemap>
      </filter>
      <autorefreshconfig unit="MINUTES" time="5" enabled="true" />
      <sashconfig displayoption="CHART" weights="500,500" />
      <datamodelconfig>
        <table sortcolumn="1" drawcolumn="-1" columnorder="0,1,2,3,4,5,6,7,8,9,10,11,12,13,14,15,16,17,18,19,20">
          <column forcevisible="false" hidden="false" width="100" index="0" sort="None" />
          <column forcevisible="false" hidden="false" width="100" index="1" sort="Down" />
          <column forcevisible="false" hidden="true" width="100" index="2" sort="None" />
          <column forcevisible="false" hidden="true" width="100" index="3" sort="None" />
          <column forcevisible="false" hidden="false" width="100" index="4" sort="Down" />
          <column forcevisible="false" hidden="false" width="120" index="5" sort="None" />
          <column forcevisible="false" hidden="true" width="120" index="6" sort="None" />
          <column forcevisible="false" hidden="true" width="120" index="7" sort="None" />
          <column forcevisible="false" hidden="false" width="120" index="8" sort="None" />
          <column forcevisible="false" hidden="false" width="120" index="9" sort="None" />
          <column forcevisible="false" hidden="true" width="120" index="10" sort="None" />
          <column forcevisible="false" hidden="true" width="120" index="11" sort="None" />
          <column forcevisible="false" hidden="false" width="120" index="12" sort="None" />
          <column forcevisible="false" hidden="false" width="120" index="13" sort="None" />
          <column forcevisible="false" hidden="true" width="120" index="14" sort="None" />
          <column forcevisible="false" hidden="true" width="120" index="15" sort="None" />
          <column forcevisible="false" hidden="false" width="120" index="16" sort="None" />
          <column forcevisible="false" hidden="true" width="120" index="17" sort="None" />
          <column forcevisible="false" hidden="true" width="120" index="18" sort="None" />
          <column forcevisible="false" hidden="true" width="120" index="19" sort="None" />
          <column forcevisible="false" hidden="true" width="120" index="20" sort="None" />
        </table>
      </datamodelconfig>
      <analyzerparameters analyzerrecordlimit="1000" requiredrilldowndata="true" />
      <chart axis.x.title="" axis.y.title.show="false" showtooltips="true" bounds.y.enabled="false" showvalues="false" showtitle="true" logxaxis="false" title="Exec Avg [ms]" resolution="Auto" axis.x.show="true" maxsplitcharts="10" showname="true" maxdisplayitems="10" zoomable="false" charttype="DiffingChart" aggregation.absolute="false" showheatfield="true" axis.y.show="true" isentitymarkable="false" orientation="Horizontal" yaxisalignment="0" legendposition="Bottom" axis.x.title.show="false" axis.y.title="" splitcharts="false" limititems="true" showlegend="false" lockyaxis="true" showlabels="true">
        <legendcomposition measure="true">
          <pielabelcomposition measure="true" value="true" />
        </legendcomposition>
        <splitconfig splitlayout="Horizontal" splitmode="PerSeries" />
      </chart>
    </portletconfig>
    <portletconfig usedashboardsourceforcompare="true" usespecificautorefresh="false" icon="com.dynatrace.diagnostics.sdk/default.gif" description="This dashboard compares two different sessions in terms of their performance characteristics." locationascomparesource="true" usedashboardsource="true" com.dynatrace.diagnostics.portlets.text.textportletconfig.text="" folderid="org.eclipse.ui.internal.ViewStack@54096e" com.dynatrace.diagnostics.portlets.text.textportletconfig.alignment="CENTER" locationassource="true" addfilterinfo="false" com.dynatrace.diagnostics.portlets.text.textportletconfig.wallpapercolor="RGB(255,255,255,255)" invertcolors="true" com.dynatrace.diagnostics.portlets.text.textportletconfig.backgroundstyle="stretchBoth" name="Regression Analysis Dashboard" ismaster="false" com.dynatrace.diagnostics.portlets.text.textportletconfig.defaultforegroundcolor="RGB(255,194,0,255)" typeid="com.dynatrace.diagnostics.portlets.text.Text" id="0577082f-0e26-4c7b-8b82-c861acd1039b">
      <comparesettings sessiontype="stored" sessionid="easyTravel/20130308121832_0.session">
        <filter>
          <inheritancemap />
        </filter>
      </comparesettings>
      <reportconfig print.images="true" lines.per.table="100" override="false" optimizeequalcolumns="true" print.legends="true" reportposition="5" enabled="false" levels.per.tree="10" />
      <filter>
        <inheritancemap />
      </filter>
      <autorefreshconfig unit="MINUTES" time="5" enabled="false" />
      <sashconfig displayoption="CHART_AND_TABLE" weights="1,1" />
      <font name="Verdana" style="BOLD" height="1" />
    </portletconfig>
    <portletconfig usedashboardsourceforcompare="true" usespecificautorefresh="false" sessiontype="live" icon="com.dynatrace.diagnostics.sdk/default.gif" description="" locationascomparesource="true" sessionid="easyTravel" usedashboardsource="true" folderid="org.eclipse.ui.internal.ViewStack@1bc45a2" locationassource="true" addfilterinfo="false" name="Layer Distribution - Bookings" ismaster="false" typeid="com.dynatrace.diagnostics.portlets.api.Api" id="0d852498-2f7b-4333-b6d4-3b08ec232686" displaymode="Difference">
      <comparesettings sessiontype="stored" sessionid="easyTravel/20130308121832_0.session">
        <filter>
          <criterion mode="all" type="agents" completepurepath="true">
            <textpattern name="agentname" type="contains" enabled="true" />
            <textpattern name="agenthost" type="contains" enabled="true" />
          </criterion>
          <criterion mode="INACTIVE" type="analysiscache" />
          <criterion type="and" />
          <criterion mode="all" excludeexternalsubpaths="false" type="api" />
          <criterion mode="all" type="applications" />
          <criterion type="btm">
            <record legacymode="false" configuredforfullsplit="false" transaction="easyTravel Bookings" />
          </criterion>
          <criterion type="casuemdimension" />
          <criterion type="dbdetails" />
          <criterion intervalend="0" intervalstart="0" type="dcrumdimension" filterinterval="false" />
          <criterion mode="all" type="hosts" completepurepath="true" />
          <criterion type="or" />
          <criterion mode="all" enduser="false" type="purepaths">
            <textpattern type="contains" enabled="true" />
          </criterion>
          <criterion type="threads" enabled="false" filterbyid="false" />
          <criterion type="timeframe">
            <timeframe start="0" end="9223372036854775807" type="Auto" />
          </criterion>
          <criterion customdefaultcolumnindex="0" columnlabel="" columnindex="0" isactive="false" sort="highestValues" type="topx" maxnrofrecords="10" customdefaultcolumnlabel="" />
          <criterion useendtimefortimeframefilter="false" type="visits">
            <visitidset />
          </criterion>
          <criterion type="webpage">
            <textpattern name="timerName" type="contains" enabled="true" />
            <textpattern name="pageContext" type="contains" enabled="true" />
          </criterion>
          <criterion type="webrequest">
            <filteruripattern>
              <stringmatchpattern match="contains" text="" />
            </filteruripattern>
            <filterquerypattern>
              <stringmatchpattern match="contains" text="" />
            </filterquerypattern>
          </criterion>
          <inheritancemap>
            <inheritanceentry inherited="false" type="btm" />
          </inheritancemap>
        </filter>
      </comparesettings>
      <reportconfig print.images="true" lines.per.table="100" override="false" optimizeequalcolumns="true" print.legends="true" reportposition="13" enabled="true" levels.per.tree="10" />
      <filter>
        <criterion mode="all" type="agents" completepurepath="true">
          <textpattern name="agentname" type="contains" enabled="true" />
          <textpattern name="agenthost" type="contains" enabled="true" />
        </criterion>
        <criterion mode="INACTIVE" type="analysiscache" />
        <criterion type="and" />
        <criterion mode="all" excludeexternalsubpaths="false" type="api" />
        <criterion mode="all" type="applications" />
        <criterion type="btm">
          <record legacymode="false" configuredforfullsplit="false" transaction="easyTravel Bookings" />
        </criterion>
        <criterion type="casuemdimension" />
        <criterion type="dbdetails" />
        <criterion intervalend="0" intervalstart="0" type="dcrumdimension" filterinterval="false" />
        <criterion mode="all" type="hosts" completepurepath="true" />
        <criterion type="or" />
        <criterion mode="all" enduser="false" type="purepaths">
          <textpattern type="contains" enabled="true" />
          <pathidentifier agentid="-825532096" tagid="1576" filepathid="1" />
        </criterion>
        <criterion type="threads" enabled="false" filterbyid="false" />
        <criterion type="timeframe">
          <timeframe start="0" end="9223372036854775807" type="Auto" />
        </criterion>
        <criterion customdefaultcolumnindex="1" columnlabel="Exec Avg [ms]" columnindex="1" isactive="false" sort="highestValues" type="topx" maxnrofrecords="10" customdefaultcolumnlabel="Exec Avg [ms]" />
        <criterion useendtimefortimeframefilter="false" type="visits">
          <visitidset />
        </criterion>
        <criterion type="webpage">
          <textpattern name="timerName" type="contains" enabled="true" />
          <textpattern name="pageContext" type="contains" enabled="true" />
        </criterion>
        <criterion type="webrequest">
          <filteruripattern>
            <stringmatchpattern match="contains" text="" />
          </filteruripattern>
          <filterquerypattern>
            <stringmatchpattern match="contains" text="" />
          </filterquerypattern>
        </criterion>
        <inheritancemap>
          <inheritanceentry inherited="false" type="btm" />
        </inheritancemap>
      </filter>
      <autorefreshconfig unit="MINUTES" time="5" enabled="true" />
      <sashconfig displayoption="CHART" weights="500,500" />
      <datamodelconfig>
        <table sortcolumn="1" drawcolumn="-1" columnorder="0,1,2,3,4,5,6,7,8,9,10,11,12,13,14,15,16,17,18,19,20">
          <column forcevisible="false" hidden="false" width="100" index="0" sort="None" />
          <column forcevisible="false" hidden="false" width="100" index="1" sort="Down" />
          <column forcevisible="false" hidden="true" width="100" index="2" sort="None" />
          <column forcevisible="false" hidden="true" width="100" index="3" sort="None" />
          <column forcevisible="false" hidden="false" width="100" index="4" sort="Down" />
          <column forcevisible="false" hidden="false" width="120" index="5" sort="None" />
          <column forcevisible="false" hidden="true" width="120" index="6" sort="None" />
          <column forcevisible="false" hidden="true" width="120" index="7" sort="None" />
          <column forcevisible="false" hidden="false" width="120" index="8" sort="None" />
          <column forcevisible="false" hidden="false" width="120" index="9" sort="None" />
          <column forcevisible="false" hidden="true" width="120" index="10" sort="None" />
          <column forcevisible="false" hidden="true" width="120" index="11" sort="None" />
          <column forcevisible="false" hidden="false" width="120" index="12" sort="None" />
          <column forcevisible="false" hidden="false" width="120" index="13" sort="None" />
          <column forcevisible="false" hidden="true" width="120" index="14" sort="None" />
          <column forcevisible="false" hidden="true" width="120" index="15" sort="None" />
          <column forcevisible="false" hidden="false" width="120" index="16" sort="None" />
          <column forcevisible="false" hidden="true" width="120" index="17" sort="None" />
          <column forcevisible="false" hidden="true" width="120" index="18" sort="None" />
          <column forcevisible="false" hidden="true" width="120" index="19" sort="None" />
          <column forcevisible="false" hidden="true" width="120" index="20" sort="None" />
        </table>
      </datamodelconfig>
      <analyzerparameters analyzerrecordlimit="1000" requiredrilldowndata="true" />
      <chart axis.x.title="" axis.y.title.show="false" showtooltips="true" bounds.y.enabled="false" showvalues="false" showtitle="true" logxaxis="false" title="Exec Avg [ms]" resolution="Auto" axis.x.show="true" maxsplitcharts="10" showname="true" maxdisplayitems="10" zoomable="false" charttype="DiffingChart" aggregation.absolute="false" showheatfield="true" axis.y.show="true" isentitymarkable="false" orientation="Horizontal" yaxisalignment="0" legendposition="Bottom" axis.x.title.show="false" axis.y.title="" splitcharts="false" limititems="true" showlegend="false" lockyaxis="true" showlabels="true">
        <legendcomposition measure="true">
          <pielabelcomposition measure="true" value="true" />
        </legendcomposition>
        <splitconfig splitlayout="Horizontal" splitmode="PerSeries" />
      </chart>
    </portletconfig>
    <portletconfig usedashboardsourceforcompare="true" usespecificautorefresh="false" sessiontype="live" icon="com.dynatrace.diagnostics.sdk/default.gif" description="" locationascomparesource="true" sessionid="easyTravel" usedashboardsource="true" folderid="org.eclipse.ui.internal.ViewStack@10171cf" locationassource="true" addfilterinfo="false" name="Performance Regression Analysis of Business Transactions" ismaster="false" typeid="com.dynatrace.diagnostics.portlets.transaction.Transaction" id="0e805c46-5315-4db9-9afd-c7686fa62340" displaymode="Difference">
      <comparesettings sessiontype="stored" sessionid="easyTravel/20130308121832_0.session">
        <filter>
          <criterion mode="all" type="agents" completepurepath="true">
            <textpattern name="agentname" type="contains" enabled="true" />
            <textpattern name="agenthost" type="contains" enabled="true" />
          </criterion>
          <criterion mode="INACTIVE" type="analysiscache" />
          <criterion type="and" />
          <criterion mode="all" excludeexternalsubpaths="false" type="api" />
          <criterion mode="all" type="applications" />
          <criterion type="btm" />
          <criterion type="casuemdimension" />
          <criterion type="dbdetails" />
          <criterion intervalend="0" intervalstart="0" type="dcrumdimension" filterinterval="false" />
          <criterion mode="all" type="hosts" completepurepath="true" />
          <criterion type="or" />
          <criterion mode="all" enduser="false" type="purepaths">
            <textpattern type="contains" enabled="true" />
          </criterion>
          <criterion type="threads" enabled="false" filterbyid="false" />
          <criterion type="timeframe">
            <timeframe start="0" end="9223372036854775807" type="Auto" />
          </criterion>
          <criterion customdefaultcolumnindex="0" columnlabel="" columnindex="0" isactive="false" sort="highestValues" type="topx" maxnrofrecords="10" customdefaultcolumnlabel="" />
          <criterion useendtimefortimeframefilter="false" type="visits">
            <visitidset />
          </criterion>
          <criterion type="webpage">
            <textpattern name="timerName" type="contains" enabled="true" />
            <textpattern name="pageContext" type="contains" enabled="true" />
          </criterion>
          <criterion type="webrequest">
            <filteruripattern>
              <stringmatchpattern match="contains" text="" />
            </filteruripattern>
            <filterquerypattern>
              <stringmatchpattern match="contains" text="" />
            </filterquerypattern>
          </criterion>
          <inheritancemap />
        </filter>
      </comparesettings>
      <reportconfig print.images="true" lines.per.table="100" override="false" optimizeequalcolumns="true" print.legends="true" reportposition="16" enabled="true" levels.per.tree="10" />
      <filter>
        <criterion mode="all" type="agents" completepurepath="true">
          <textpattern name="agentname" type="contains" enabled="true" />
          <textpattern name="agenthost" type="contains" enabled="true" />
        </criterion>
        <criterion mode="INACTIVE" type="analysiscache" />
        <criterion type="and" />
        <criterion mode="all" excludeexternalsubpaths="false" type="api" />
        <criterion mode="all" type="applications" />
        <criterion type="btm">
          <record legacymode="false" configuredforfullsplit="false" transaction="easyTravel Trip Search" />
          <record legacymode="false" configuredforfullsplit="false" transaction="easyTravel Bookings" />
          <record legacymode="false" configuredforfullsplit="false" transaction="easyTravel Logins" />
        </criterion>
        <criterion type="casuemdimension" />
        <criterion type="dbdetails" />
        <criterion intervalend="0" intervalstart="0" type="dcrumdimension" filterinterval="false" />
        <criterion mode="all" type="hosts" completepurepath="true" />
        <criterion type="or" />
        <criterion mode="all" enduser="false" type="purepaths">
          <textpattern type="contains" enabled="true" />
          <pathidentifier agentid="-825532096" tagid="1576" filepathid="1" />
        </criterion>
        <criterion type="threads" enabled="false" filterbyid="false" />
        <criterion type="timeframe">
          <timeframe start="0" end="9223372036854775807" type="Auto" />
        </criterion>
        <criterion customdefaultcolumnindex="0" columnlabel="" columnindex="0" isactive="false" sort="highestValues" type="topx" maxnrofrecords="10" customdefaultcolumnlabel="" />
        <criterion useendtimefortimeframefilter="false" type="visits">
          <visitidset />
        </criterion>
        <criterion type="webpage">
          <textpattern name="timerName" type="contains" enabled="true" />
          <textpattern name="pageContext" type="contains" enabled="true" />
        </criterion>
        <criterion type="webrequest">
          <filteruripattern>
            <stringmatchpattern match="contains" text="" />
          </filteruripattern>
          <filterquerypattern>
            <stringmatchpattern match="contains" text="" />
          </filterquerypattern>
        </criterion>
        <inheritancemap>
          <inheritanceentry inherited="false" type="btm" />
        </inheritancemap>
      </filter>
      <autorefreshconfig unit="MINUTES" time="5" enabled="true" />
      <sashconfig displayoption="TABLE" weights="500,500" />
      <datamodelconfig>
        <table sortcolumn="0" drawcolumn="-1" columnorder="17,0,1,2,3,19,18,4,5,6,7,8,9,10,11,12,13,14,15,16">
          <dyncolumns />
          <column forcevisible="false" hidden="false" width="193" index="0" sort="Down" />
          <column forcevisible="false" hidden="false" width="154" index="1" sort="None" />
          <column forcevisible="false" hidden="true" width="100" index="2" sort="Down" />
          <column forcevisible="false" hidden="false" width="100" index="3" sort="Down" />
          <column forcevisible="false" hidden="true" width="130" index="4" sort="None" />
          <column forcevisible="false" hidden="true" width="130" index="5" sort="None" />
          <column forcevisible="false" hidden="false" width="108" index="6" sort="None" />
          <column forcevisible="false" hidden="false" width="130" index="7" sort="None" />
          <column forcevisible="false" hidden="false" width="130" index="8" sort="None" />
          <column forcevisible="false" hidden="false" width="130" index="9" sort="None" />
          <column forcevisible="false" hidden="false" width="130" index="10" sort="None" />
          <column forcevisible="false" hidden="false" width="130" index="11" sort="None" />
          <column forcevisible="false" hidden="false" width="160" index="12" sort="None" />
          <column forcevisible="false" hidden="true" width="130" index="13" sort="None" />
          <column forcevisible="false" hidden="true" width="130" index="14" sort="None" />
          <column forcevisible="false" hidden="true" width="130" index="15" sort="None" />
          <column forcevisible="false" hidden="true" width="130" index="16" sort="None" />
          <column forcevisible="false" hidden="false" width="20" index="17" sort="None" />
          <column forcevisible="false" hidden="false" width="90" index="18" sort="None" />
          <column forcevisible="false" hidden="false" width="90" index="19" sort="None" />
        </table>
      </datamodelconfig>
      <analyzerparameters reanalyze="true" analyzerrecordlimit="10000" requiredrilldowndata="true" context="SERVER" />
      <chart axis.x.title="" axis.y.title.show="false" showtooltips="true" bounds.y.enabled="false" showvalues="false" showtitle="true" logxaxis="false" title="Name" resolution="Auto" axis.x.show="true" maxsplitcharts="10" showname="true" maxdisplayitems="10" zoomable="false" charttype="DiffingChart" aggregation.absolute="false" showheatfield="true" axis.y.show="true" isentitymarkable="false" orientation="Horizontal" yaxisalignment="0" legendposition="Bottom" axis.x.title.show="false" axis.y.title="" splitcharts="false" limititems="true" showlegend="false" lockyaxis="true" showlabels="true">
        <legendcomposition measure="true">
          <pielabelcomposition unit="true" measure="true" value="true" />
        </legendcomposition>
        <splitconfig splitlayout="Horizontal" splitmode="PerSeries" />
      </chart>
    </portletconfig>
    <portletconfig usedashboardsourceforcompare="true" usespecificautorefresh="false" sessiontype="live" icon="com.dynatrace.diagnostics.sdk/default.gif" description="" locationascomparesource="true" sessionid="easyTravel" usedashboardsource="true" folderid="org.eclipse.ui.internal.ViewStack@f12348" locationassource="true" addfilterinfo="false" name="Performance Regression by Method" ismaster="false" typeid="com.dynatrace.diagnostics.portlets.Method" id="3c7248cb-ff69-4de5-80d1-b759986e6fc0" displaymode="Difference">
      <comparesettings sessiontype="stored" sessionid="easyTravel/20130308121832_0.session">
        <filter>
          <criterion mode="all" type="agents" completepurepath="true">
            <textpattern name="agentname" type="contains" enabled="true" />
            <textpattern name="agenthost" type="contains" enabled="true" />
          </criterion>
          <criterion mode="INACTIVE" type="analysiscache" />
          <criterion type="and" />
          <criterion mode="selectedAPIs" excludeexternalsubpaths="false" type="api">
            <apiref name="Java Web Services" />
            <apiref name="JDBC" />
          </criterion>
          <criterion mode="all" type="applications" />
          <criterion type="btm" />
          <criterion type="casuemdimension" />
          <criterion type="dbdetails" />
          <criterion intervalend="0" intervalstart="0" type="dcrumdimension" filterinterval="false" />
          <criterion mode="all" type="hosts" completepurepath="true" />
          <criterion type="or" />
          <criterion mode="all" enduser="false" type="purepaths">
            <textpattern type="contains" enabled="true" />
          </criterion>
          <criterion type="threads" enabled="false" filterbyid="false" />
          <criterion type="timeframe">
            <timeframe start="0" end="9223372036854775807" type="Auto" />
          </criterion>
          <criterion customdefaultcolumnindex="4" columnlabel="Exec Avg [ms]" columnindex="6" isactive="true" sort="highestValues" type="topx" maxnrofrecords="10" customdefaultcolumnlabel="Count" />
          <criterion useendtimefortimeframefilter="false" type="visits">
            <visitidset />
          </criterion>
          <criterion type="webpage">
            <textpattern name="timerName" type="contains" enabled="true" />
            <textpattern name="pageContext" type="contains" enabled="true" />
          </criterion>
          <criterion type="webrequest">
            <filteruripattern>
              <stringmatchpattern match="contains" text="" />
            </filteruripattern>
            <filterquerypattern>
              <stringmatchpattern match="contains" text="" />
            </filterquerypattern>
          </criterion>
          <inheritancemap>
            <inheritanceentry inherited="false" type="api" />
          </inheritancemap>
        </filter>
      </comparesettings>
      <reportconfig print.images="true" lines.per.table="100" override="false" optimizeequalcolumns="true" print.legends="true" reportposition="18" enabled="true" levels.per.tree="10" />
      <filter>
        <criterion mode="all" type="agents" completepurepath="true">
          <textpattern name="agentname" type="contains" enabled="true" />
          <textpattern name="agenthost" type="contains" enabled="true" />
        </criterion>
        <criterion mode="INACTIVE" type="analysiscache" />
        <criterion type="and" />
        <criterion mode="selectedAPIs" excludeexternalsubpaths="false" type="api">
          <apiref name="Java Web Services" />
          <apiref name="JDBC" />
        </criterion>
        <criterion mode="all" type="applications" />
        <criterion type="btm" />
        <criterion type="casuemdimension" />
        <criterion type="dbdetails" />
        <criterion intervalend="0" intervalstart="0" type="dcrumdimension" filterinterval="false" />
        <criterion mode="all" type="hosts" completepurepath="true" />
        <criterion type="or" />
        <criterion mode="all" enduser="false" type="purepaths">
          <textpattern type="contains" enabled="true" />
          <pathidentifier agentid="-825532096" tagid="1576" filepathid="1" />
        </criterion>
        <criterion type="threads" enabled="false" filterbyid="false" />
        <criterion type="timeframe">
          <timeframe start="0" end="9223372036854775807" type="Auto" />
        </criterion>
        <criterion customdefaultcolumnindex="4" columnlabel="Exec Avg [ms]" columnindex="6" isactive="true" sort="highestValues" type="topx" maxnrofrecords="10" customdefaultcolumnlabel="Count" />
        <criterion useendtimefortimeframefilter="false" type="visits">
          <visitidset />
        </criterion>
        <criterion type="webpage">
          <textpattern name="timerName" type="contains" enabled="true" />
          <textpattern name="pageContext" type="contains" enabled="true" />
        </criterion>
        <criterion type="webrequest">
          <filteruripattern>
            <stringmatchpattern match="contains" text="" />
          </filteruripattern>
          <filterquerypattern>
            <stringmatchpattern match="contains" text="" />
          </filterquerypattern>
        </criterion>
        <inheritancemap>
          <inheritanceentry inherited="false" type="api" />
        </inheritancemap>
      </filter>
      <autorefreshconfig unit="MINUTES" time="5" enabled="false" />
      <sashconfig displayoption="CHART_AND_TABLE" weights="1,1" />
      <datamodelconfig>
        <table structuremode="methodsPackage" sortcolumn="6" drawcolumn="-1" columnorder="0,1,2,3,4,5,6,7,8,9,10,11,12,13,14,15,16,17,18,19,20,21,22">
          <column forcevisible="false" hidden="false" width="190" index="0" sort="Up" />
          <column forcevisible="false" hidden="true" width="18" index="1" sort="None" />
          <column forcevisible="false" hidden="false" width="111" index="2" sort="None" />
          <column forcevisible="false" hidden="true" width="140" index="3" sort="None" />
          <column forcevisible="false" hidden="false" width="98" index="4" sort="None" />
          <column forcevisible="false" hidden="true" width="130" index="5" sort="None" />
          <column forcevisible="false" hidden="false" width="102" index="6" sort="Up" />
          <column forcevisible="false" hidden="true" width="100" index="7" sort="None" />
          <column forcevisible="false" hidden="true" width="100" index="8" sort="None" />
          <column forcevisible="false" hidden="true" width="100" index="9" sort="Down" />
          <column forcevisible="false" hidden="true" width="80" index="10" sort="None" />
          <column forcevisible="false" hidden="false" width="409" index="11" sort="None" />
          <column forcevisible="false" hidden="true" width="120" index="12" sort="None" />
          <column forcevisible="false" hidden="true" width="120" index="13" sort="None" />
          <column forcevisible="false" hidden="true" width="120" index="14" sort="None" />
          <column forcevisible="false" hidden="true" width="120" index="15" sort="None" />
          <column forcevisible="false" hidden="true" width="120" index="16" sort="None" />
          <column forcevisible="false" hidden="true" width="120" index="17" sort="None" />
          <column forcevisible="false" hidden="true" width="120" index="18" sort="None" />
          <column forcevisible="false" hidden="true" width="120" index="19" sort="None" />
          <column forcevisible="false" hidden="true" width="120" index="20" sort="None" />
          <column forcevisible="false" hidden="true" width="120" index="21" sort="None" />
          <column forcevisible="false" hidden="true" width="120" index="22" sort="None" />
        </table>
        <caller>
          <table structuremode="methodsPackage" sortcolumn="0" drawcolumn="-1" columnorder="0,1,2,3,4,5,6,7,8,9,10,11,12,13,14,15,16,17,18,19,20,21,22">
            <column forcevisible="false" hidden="false" width="300" index="0" sort="Up" />
            <column forcevisible="false" hidden="false" width="18" index="1" sort="None" />
            <column forcevisible="false" hidden="false" width="55" index="2" sort="None" />
            <column forcevisible="false" hidden="false" width="140" index="3" sort="None" />
            <column forcevisible="false" hidden="false" width="65" index="4" sort="None" />
            <column forcevisible="false" hidden="false" width="130" index="5" sort="None" />
            <column forcevisible="false" hidden="false" width="100" index="6" sort="None" />
            <column forcevisible="false" hidden="true" width="100" index="7" sort="None" />
            <column forcevisible="false" hidden="true" width="100" index="8" sort="None" />
            <column forcevisible="false" hidden="false" width="100" index="9" sort="None" />
            <column forcevisible="false" hidden="false" width="80" index="10" sort="None" />
            <column forcevisible="false" hidden="false" width="120" index="11" sort="None" />
            <column forcevisible="false" hidden="true" width="120" index="12" sort="None" />
            <column forcevisible="false" hidden="true" width="120" index="13" sort="None" />
            <column forcevisible="false" hidden="false" width="120" index="14" sort="None" />
            <column forcevisible="false" hidden="false" width="120" index="15" sort="None" />
            <column forcevisible="false" hidden="true" width="120" index="16" sort="None" />
            <column forcevisible="false" hidden="true" width="120" index="17" sort="None" />
            <column forcevisible="false" hidden="false" width="120" index="18" sort="None" />
            <column forcevisible="false" hidden="false" width="120" index="19" sort="None" />
            <column forcevisible="false" hidden="true" width="120" index="20" sort="None" />
            <column forcevisible="false" hidden="true" width="120" index="21" sort="None" />
            <column forcevisible="false" hidden="false" width="120" index="22" sort="None" />
          </table>
        </caller>
        <callee>
          <table structuremode="methodsPackage" sortcolumn="0" drawcolumn="-1" columnorder="0,1,2,3,4,5,6,7,8,9,10,11,12,13,14,15,16,17,18,19,20,21,22">
            <column forcevisible="false" hidden="false" width="300" index="0" sort="Up" />
            <column forcevisible="false" hidden="false" width="18" index="1" sort="None" />
            <column forcevisible="false" hidden="false" width="55" index="2" sort="None" />
            <column forcevisible="false" hidden="false" width="140" index="3" sort="None" />
            <column forcevisible="false" hidden="false" width="65" index="4" sort="None" />
            <column forcevisible="false" hidden="false" width="130" index="5" sort="None" />
            <column forcevisible="false" hidden="false" width="100" index="6" sort="None" />
            <column forcevisible="false" hidden="true" width="100" index="7" sort="None" />
            <column forcevisible="false" hidden="true" width="100" index="8" sort="None" />
            <column forcevisible="false" hidden="false" width="100" index="9" sort="None" />
            <column forcevisible="false" hidden="false" width="80" index="10" sort="None" />
            <column forcevisible="false" hidden="false" width="120" index="11" sort="None" />
            <column forcevisible="false" hidden="true" width="120" index="12" sort="None" />
            <column forcevisible="false" hidden="true" width="120" index="13" sort="None" />
            <column forcevisible="false" hidden="false" width="120" index="14" sort="None" />
            <column forcevisible="false" hidden="false" width="120" index="15" sort="None" />
            <column forcevisible="false" hidden="true" width="120" index="16" sort="None" />
            <column forcevisible="false" hidden="true" width="120" index="17" sort="None" />
            <column forcevisible="false" hidden="false" width="120" index="18" sort="None" />
            <column forcevisible="false" hidden="false" width="120" index="19" sort="None" />
            <column forcevisible="false" hidden="true" width="120" index="20" sort="None" />
            <column forcevisible="false" hidden="true" width="120" index="21" sort="None" />
            <column forcevisible="false" hidden="false" width="120" index="22" sort="None" />
          </table>
        </callee>
      </datamodelconfig>
      <analyzerparameters analyzerrecordlimit="10000" requiredrilldowndata="true" analyzebrowserpaths="false" />
      <ccontent enabled="first" ratio="0.666" />
    </portletconfig>
    <portletconfig usedashboardsourceforcompare="true" usespecificautorefresh="false" sessiontype="live" icon="com.dynatrace.diagnostics.sdk/default.gif" description="" locationascomparesource="true" sessionid="easyTravel" usedashboardsource="true" folderid="org.eclipse.ui.internal.ViewStack@119dc10" locationassource="true" addfilterinfo="false" name="Layer Distribution - Logins" ismaster="false" typeid="com.dynatrace.diagnostics.portlets.api.Api" id="64b9c997-1603-487e-b00f-20d2d3b27495" displaymode="Difference">
      <comparesettings sessiontype="stored" sessionid="easyTravel/20130308121832_0.session">
        <filter>
          <criterion mode="all" type="agents" completepurepath="true">
            <textpattern name="agentname" type="contains" enabled="true" />
            <textpattern name="agenthost" type="contains" enabled="true" />
          </criterion>
          <criterion mode="INACTIVE" type="analysiscache" />
          <criterion type="and" />
          <criterion mode="all" excludeexternalsubpaths="false" type="api" />
          <criterion mode="all" type="applications" />
          <criterion type="btm">
            <record legacymode="false" configuredforfullsplit="false" transaction="easyTravel Logins" />
          </criterion>
          <criterion type="casuemdimension" />
          <criterion type="dbdetails" />
          <criterion intervalend="0" intervalstart="0" type="dcrumdimension" filterinterval="false" />
          <criterion mode="all" type="hosts" completepurepath="true" />
          <criterion type="or" />
          <criterion mode="all" enduser="false" type="purepaths">
            <textpattern type="contains" enabled="true" />
          </criterion>
          <criterion type="threads" enabled="false" filterbyid="false" />
          <criterion type="timeframe">
            <timeframe start="0" end="9223372036854775807" type="Auto" />
          </criterion>
          <criterion customdefaultcolumnindex="0" columnlabel="" columnindex="0" isactive="false" sort="highestValues" type="topx" maxnrofrecords="10" customdefaultcolumnlabel="" />
          <criterion useendtimefortimeframefilter="false" type="visits">
            <visitidset />
          </criterion>
          <criterion type="webpage">
            <textpattern name="timerName" type="contains" enabled="true" />
            <textpattern name="pageContext" type="contains" enabled="true" />
          </criterion>
          <criterion type="webrequest">
            <filteruripattern>
              <stringmatchpattern match="contains" text="" />
            </filteruripattern>
            <filterquerypattern>
              <stringmatchpattern match="contains" text="" />
            </filterquerypattern>
          </criterion>
          <inheritancemap>
            <inheritanceentry inherited="false" type="btm" />
          </inheritancemap>
        </filter>
      </comparesettings>
      <reportconfig print.images="true" lines.per.table="100" override="false" optimizeequalcolumns="true" print.legends="true" reportposition="12" enabled="true" levels.per.tree="10" />
      <filter>
        <criterion mode="all" type="agents" completepurepath="true">
          <textpattern name="agentname" type="contains" enabled="true" />
          <textpattern name="agenthost" type="contains" enabled="true" />
        </criterion>
        <criterion mode="INACTIVE" type="analysiscache" />
        <criterion type="and" />
        <criterion mode="all" excludeexternalsubpaths="false" type="api" />
        <criterion mode="all" type="applications" />
        <criterion type="btm">
          <record legacymode="false" configuredforfullsplit="false" transaction="easyTravel Logins" />
        </criterion>
        <criterion type="casuemdimension" />
        <criterion type="dbdetails" />
        <criterion intervalend="0" intervalstart="0" type="dcrumdimension" filterinterval="false" />
        <criterion mode="all" type="hosts" completepurepath="true" />
        <criterion type="or" />
        <criterion mode="all" enduser="false" type="purepaths">
          <textpattern type="contains" enabled="true" />
          <pathidentifier agentid="-825532096" tagid="1576" filepathid="1" />
        </criterion>
        <criterion type="threads" enabled="false" filterbyid="false" />
        <criterion type="timeframe">
          <timeframe start="0" end="9223372036854775807" type="Auto" />
        </criterion>
        <criterion customdefaultcolumnindex="1" columnlabel="Exec Avg [ms]" columnindex="1" isactive="false" sort="highestValues" type="topx" maxnrofrecords="10" customdefaultcolumnlabel="Exec Avg [ms]" />
        <criterion useendtimefortimeframefilter="false" type="visits">
          <visitidset />
        </criterion>
        <criterion type="webpage">
          <textpattern name="timerName" type="contains" enabled="true" />
          <textpattern name="pageContext" type="contains" enabled="true" />
        </criterion>
        <criterion type="webrequest">
          <filteruripattern>
            <stringmatchpattern match="contains" text="" />
          </filteruripattern>
          <filterquerypattern>
            <stringmatchpattern match="contains" text="" />
          </filterquerypattern>
        </criterion>
        <inheritancemap>
          <inheritanceentry inherited="false" type="btm" />
        </inheritancemap>
      </filter>
      <autorefreshconfig unit="MINUTES" time="5" enabled="true" />
      <sashconfig displayoption="CHART" weights="500,500" />
      <datamodelconfig>
        <table sortcolumn="1" drawcolumn="-1" columnorder="0,1,2,3,4,5,6,7,8,9,10,11,12,13,14,15,16,17,18,19,20">
          <column forcevisible="false" hidden="false" width="100" index="0" sort="None" />
          <column forcevisible="false" hidden="false" width="100" index="1" sort="Down" />
          <column forcevisible="false" hidden="true" width="100" index="2" sort="None" />
          <column forcevisible="false" hidden="true" width="100" index="3" sort="None" />
          <column forcevisible="false" hidden="false" width="100" index="4" sort="Down" />
          <column forcevisible="false" hidden="false" width="120" index="5" sort="None" />
          <column forcevisible="false" hidden="true" width="120" index="6" sort="None" />
          <column forcevisible="false" hidden="true" width="120" index="7" sort="None" />
          <column forcevisible="false" hidden="false" width="120" index="8" sort="None" />
          <column forcevisible="false" hidden="false" width="120" index="9" sort="None" />
          <column forcevisible="false" hidden="true" width="120" index="10" sort="None" />
          <column forcevisible="false" hidden="true" width="120" index="11" sort="None" />
          <column forcevisible="false" hidden="false" width="120" index="12" sort="None" />
          <column forcevisible="false" hidden="false" width="120" index="13" sort="None" />
          <column forcevisible="false" hidden="true" width="120" index="14" sort="None" />
          <column forcevisible="false" hidden="true" width="120" index="15" sort="None" />
          <column forcevisible="false" hidden="false" width="120" index="16" sort="None" />
          <column forcevisible="false" hidden="true" width="120" index="17" sort="None" />
          <column forcevisible="false" hidden="true" width="120" index="18" sort="None" />
          <column forcevisible="false" hidden="true" width="120" index="19" sort="None" />
          <column forcevisible="false" hidden="true" width="120" index="20" sort="None" />
        </table>
      </datamodelconfig>
      <analyzerparameters analyzerrecordlimit="1000" requiredrilldowndata="true" />
      <chart axis.x.title="" axis.y.title.show="false" showtooltips="true" bounds.y.enabled="false" showvalues="false" showtitle="true" logxaxis="false" title="Exec Avg [ms]" resolution="Auto" axis.x.show="true" maxsplitcharts="10" showname="true" maxdisplayitems="10" zoomable="false" charttype="DiffingChart" aggregation.absolute="false" showheatfield="true" axis.y.show="true" isentitymarkable="false" orientation="Horizontal" yaxisalignment="0" legendposition="Bottom" axis.x.title.show="false" axis.y.title="" splitcharts="false" limititems="true" showlegend="false" lockyaxis="true" showlabels="true">
        <legendcomposition measure="true">
          <pielabelcomposition measure="true" value="true" />
        </legendcomposition>
        <splitconfig splitlayout="Horizontal" splitmode="PerSeries" />
      </chart>
    </portletconfig>
  </dashboardconfig>
</dynatrace>
