<?xml version="1.0" encoding="UTF-8"?>
<!-- ATTENTION - THIS IS AN AUTOMATICALLY GENERATED FILE -->
<!-- Manual changes can cause severe problems and system instability -->
<!-- Apply manual changes only if you have received explicit instructions from Dynatrace Support -->
<dynatrace version="6.5.0.1289" date="12/22/16 12:48 PM">
  <dashboardconfig memento.version="6.5.0.1289" suppresssavewarning="false" created="2011-03-07T08:23:19-0600" sessiontype="live" icon="com.dynatrace.diagnostics.sdk/default.gif" description="This dashboard shows which user caused performance problems." modifiedbyname="admin" locationascomparesource="false" sessionid="easyTravel" opendrilldowninnewdashboard="true" groupname="" autoreplacesession="false" revision="00000159-27dd-1468-9daa-0508c302b130" locationassource="true" localizationenabled="false" name="easyTravel SLA Details" authorname="dynaTrace" modified="2016-12-22T12:48:37-0600" id="fbb7322f-f6d8-44ba-aebc-1958429781fb">
    <reportconfig print.images="true" formatpdf="com.dynatrace.diagnostics.report.velocity.format.pdfrenderer" orientation="portrait" description="" title="" type="HTML" enabled="true" formathtml="com.dynatrace.diagnostics.report.velocity.format.htmlrenderer" lines.per.table="100" pagesize="A4" override="false" optimizeequalcolumns="true" print.legends="true" levels.per.tree="10" />
    <filter>
      <criterion type="admfilteranalyzer" />
      <criterion mode="all" type="agents" completepurepath="true">
        <textpattern name="agentname" type="contains" enabled="true" />
        <textpattern name="agenthost" type="contains" enabled="true" />
      </criterion>
      <criterion type="and" />
      <criterion mode="all" excludeexternalsubpaths="false" type="api" />
      <criterion mode="all" type="applications" />
      <criterion type="btm" />
      <criterion type="casuemdimension" />
      <criterion type="dbdetails" />
      <criterion intervalend="0" intervalstart="0" type="dcrumdimension" filterinterval="false" />
      <criterion analyzeserverpath="true" analyzeclienterrors="false" isactive="true" analyzeenduserpath="true" type="enduserpath" />
      <criterion mode="all" type="hosts" completepurepath="true" />
      <criterion severitiesmode="all" statesmode="all" type="incident" rulesmode="all" severities="" states="" />
      <criterion type="or" />
      <criterion mode="all" enduser="false" type="purepaths" />
      <criterion includemeasurename="true" includeplatform="true" includetestname="true" teststatus="FAILED,INVALIDATED,VOLATILE,DEGRADED,IMPROVED,MISSING,passed" type="tests" testcategory="UNIT,BROWSER_TIMER,BROWSER_AUTO_TIMER,PERFORMANCE,LOAD,WEB_API,EXTERNAL" />
      <criterion includeplatform="true" type="testsoverview" />
      <criterion type="threads" enabled="false" filterbyid="false" />
      <criterion type="timeframe">
        <timeframe type="Last 30min" />
      </criterion>
      <criterion useendtimefortimeframefilter="false" type="visits">
        <visitidset />
      </criterion>
      <criterion type="webpage">
        <textpattern name="timerName" type="contains" enabled="true" />
        <textpattern name="pageContext" type="contains" enabled="true" />
      </criterion>
      <criterion type="webrequest">
        <filteruripattern>
          <stringmatchpattern match="contains" text="" />
        </filteruripattern>
        <filterquerypattern>
          <stringmatchpattern match="contains" text="" />
        </filterquerypattern>
      </criterion>
    </filter>
    <autorefreshconfig unit="MINUTES" time="5" enabled="true" />
    <designconfig autoscroll="false" namefontsize="10" descriptionshow="true" headertype="CUSTOM" nameshow="true" descriptionfontstyle="NORMAL" namealignment="CENTER" namefontstyle="BOLD" descriptionfontsize="8" clienttheme="DEFAULT" descriptionfontcolor="128,128,128" descriptionalignment="CENTER" autoadjustfontsizes="false" />
    <dashboardlayout>
      <portletfolder selectionindex="0" relationtype="LEFT" portletconfigorder="c81758c9-7d85-4276-aaa5-f1f2806e8dc5" folderid="org.eclipse.ui.internal.ViewStack@10edfce" relatedfolderid="DashboardLayout.blankArea" ratio="0.95">
        <designconfig namefontsize="10" descriptionshow="true" headertype="DEFAULT" nameshow="true" descriptionfontstyle="NORMAL" namealignment="CENTER" namefontstyle="BOLD" descriptionfontsize="8" inherited="true" descriptionfontcolor="128,128,128" descriptionalignment="CENTER" />
      </portletfolder>
      <portletfolder selectionindex="0" relationtype="BOTTOM" portletconfigorder="8d983f8f-79cf-417b-9460-7fc605b4cf74" folderid="org.eclipse.ui.internal.ViewStack@188dfb2" relatedfolderid="org.eclipse.ui.internal.ViewStack@10edfce" ratio="0.33136094">
        <designconfig namefontsize="10" descriptionshow="false" headertype="HEADLESS" nameshow="true" descriptionfontstyle="NORMAL" namealignment="CENTER" namefontstyle="BOLD" descriptionfontsize="8" inherited="true" descriptionfontcolor="128,128,128" descriptionalignment="CENTER" />
      </portletfolder>
      <portletfolder selectionindex="-1" relationtype="BOTTOM" portletconfigorder="" isplaceholder="true" folderid="org.eclipse.ui.internal.ViewStack@557afc" relatedfolderid="org.eclipse.ui.internal.ViewStack@188dfb2" ratio="0.49642858">
        <designconfig namefontsize="10" descriptionshow="true" headertype="DEFAULT" nameshow="true" descriptionfontstyle="NORMAL" namealignment="CENTER" namefontstyle="BOLD" descriptionfontsize="8" inherited="true" descriptionfontcolor="128,128,128" descriptionalignment="CENTER" />
      </portletfolder>
      <portletfolder selectionindex="0" relationtype="RIGHT" portletconfigorder="005c7773-b699-4c51-a0a6-1c4f2a0f4bc8" folderid="org.eclipse.ui.internal.ViewStack@8ceb8f" relatedfolderid="org.eclipse.ui.internal.ViewStack@557afc" ratio="0.49317148">
        <designconfig namefontsize="10" descriptionshow="false" headertype="CUSTOM" nameshow="true" descriptionfontstyle="NORMAL" namealignment="CENTER" namefontstyle="BOLD" descriptionfontsize="8" inherited="true" descriptionfontcolor="128,128,128" descriptionalignment="CENTER" />
      </portletfolder>
      <portletfolder selectionindex="-1" relationtype="RIGHT" portletconfigorder="" isplaceholder="true" folderid="929fc70f-056c-4931-ab64-aa07eee78fc6" relatedfolderid="org.eclipse.ui.internal.ViewStack@8ceb8f" ratio="0.5819495">
        <designconfig namefontsize="10" descriptionshow="true" headertype="DEFAULT" nameshow="true" descriptionfontstyle="NORMAL" namealignment="CENTER" namefontstyle="BOLD" descriptionfontsize="8" inherited="true" descriptionfontcolor="128,128,128" descriptionalignment="CENTER" />
      </portletfolder>
      <portletfolder selectionindex="-1" relationtype="RIGHT" portletconfigorder="" isplaceholder="true" folderid="ad3ff570-f8e7-4f45-970e-6ef30e06d102" relatedfolderid="929fc70f-056c-4931-ab64-aa07eee78fc6" ratio="0.49928674">
        <designconfig namefontsize="10" descriptionshow="true" headertype="DEFAULT" nameshow="true" descriptionfontstyle="NORMAL" namealignment="CENTER" namefontstyle="BOLD" descriptionfontsize="8" inherited="true" descriptionfontcolor="128,128,128" descriptionalignment="CENTER" />
      </portletfolder>
      <portletfolder selectionindex="-1" relationtype="RIGHT" portletconfigorder="" isplaceholder="true" folderid="9c22d06c-5500-419b-9a57-94be95b25d54" relatedfolderid="ad3ff570-f8e7-4f45-970e-6ef30e06d102" ratio="0.49928674">
        <designconfig namefontsize="10" descriptionshow="true" headertype="DEFAULT" nameshow="true" descriptionfontstyle="NORMAL" namealignment="CENTER" namefontstyle="BOLD" descriptionfontsize="8" inherited="true" descriptionfontcolor="128,128,128" descriptionalignment="CENTER" />
      </portletfolder>
      <portletfolder selectionindex="0" relationtype="RIGHT" portletconfigorder="d821b386-3ea2-4b8c-a8c6-1dfbb749eb3f" folderid="org.eclipse.ui.internal.ViewStack@666ec4" relatedfolderid="9c22d06c-5500-419b-9a57-94be95b25d54" ratio="0.49928674">
        <designconfig namefontsize="10" descriptionshow="false" headertype="HEADLESS" nameshow="true" descriptionfontstyle="NORMAL" namealignment="CENTER" namefontstyle="BOLD" descriptionfontsize="8" inherited="true" descriptionfontcolor="128,128,128" descriptionalignment="CENTER" />
      </portletfolder>
      <portletfolder selectionindex="0" relationtype="RIGHT" portletconfigorder="e2b8c336-1bc7-43ca-ab9a-0fbc236e44ca" folderid="org.eclipse.ui.internal.ViewStack@15ef9db" relatedfolderid="org.eclipse.ui.internal.ViewStack@8ceb8f" ratio="0.38729763">
        <designconfig namefontsize="10" descriptionshow="true" headertype="CUSTOM" nameshow="true" descriptionfontstyle="NORMAL" namealignment="CENTER" namefontstyle="BOLD" descriptionfontsize="8" inherited="true" descriptionfontcolor="128,128,128" descriptionalignment="CENTER" />
      </portletfolder>
      <portletfolder selectionindex="0" relationtype="RIGHT" portletconfigorder="f59c1bc9-c529-48df-8fe6-35db1257f066" folderid="org.eclipse.ui.internal.ViewStack@e39a6b" relatedfolderid="org.eclipse.ui.internal.ViewStack@188dfb2" ratio="0.5790614">
        <designconfig namefontsize="10" descriptionshow="true" headertype="HEADLESS" nameshow="true" descriptionfontstyle="NORMAL" namealignment="CENTER" namefontstyle="BOLD" descriptionfontsize="8" inherited="true" descriptionfontcolor="128,128,128" descriptionalignment="CENTER" />
      </portletfolder>
      <portletfolder selectionindex="0" relationtype="RIGHT" portletconfigorder="bee9f51a-e9f3-462d-b951-9d920813dbef" folderid="org.eclipse.ui.internal.ViewStack@1ff44d4" relatedfolderid="org.eclipse.ui.internal.ViewStack@188dfb2" ratio="0.39173967">
        <designconfig namefontsize="10" descriptionshow="true" headertype="CUSTOM" nameshow="true" descriptionfontstyle="NORMAL" namealignment="CENTER" namefontstyle="BOLD" descriptionfontsize="8" inherited="true" descriptionfontcolor="128,128,128" descriptionalignment="CENTER" />
      </portletfolder>
      <portletfolder selectionindex="0" relationtype="RIGHT" portletconfigorder="5119e757-8854-4a02-b8e6-32c365010eef" folderid="org.eclipse.ui.internal.ViewStack@d7022f" relatedfolderid="org.eclipse.ui.internal.ViewStack@10edfce" ratio="0.57833934">
        <designconfig namefontsize="10" descriptionshow="false" headertype="HEADLESS" nameshow="true" descriptionfontstyle="NORMAL" namealignment="CENTER" namefontstyle="BOLD" descriptionfontsize="8" inherited="true" descriptionfontcolor="128,128,128" descriptionalignment="CENTER" />
      </portletfolder>
      <portletfolder selectionindex="0" relationtype="RIGHT" portletconfigorder="75a287cc-7078-47d2-b42f-a79f85e6ecd8" folderid="org.eclipse.ui.internal.ViewStack@ed31ab" relatedfolderid="org.eclipse.ui.internal.ViewStack@10edfce" ratio="0.3934837">
        <designconfig namefontsize="10" descriptionshow="true" headertype="CUSTOM" nameshow="true" descriptionfontstyle="NORMAL" namealignment="CENTER" namefontstyle="BOLD" descriptionfontsize="8" inherited="true" descriptionfontcolor="128,128,128" descriptionalignment="CENTER" />
      </portletfolder>
    </dashboardlayout>
    <portletconfig showabsolutevalues="false" usedashboardsourceforcompare="true" usespecificautorefresh="false" sessiontype="live" lastvalue="false" icon="com.dynatrace.diagnostics.sdk/default.gif" description="" locationascomparesource="false" sessionid="easyTravel" usedashboardsource="true" folderid="org.eclipse.ui.internal.ViewStack@188dfb2" locationassource="true" addfilterinfo="false" name="Search SLA Compliance" ismaster="false" typeid="com.dynatrace.diagnostics.portlets.chart.Chart" id="8d983f8f-79cf-417b-9460-7fc605b4cf74">
      <reportconfig print.images="true" lines.per.table="100" override="false" optimizeequalcolumns="true" print.legends="true" reportposition="12" enabled="true" levels.per.tree="10" />
      <filter>
        <criterion mode="all" type="agents" completepurepath="true">
          <textpattern name="agentname" type="contains" enabled="true" />
          <textpattern name="agenthost" type="contains" enabled="true" />
        </criterion>
        <criterion mode="all" type="applications" />
        <criterion type="btm" />
        <criterion mode="all" type="hosts" completepurepath="true" />
        <criterion type="timeframe">
          <timeframe type="Last 30min" />
        </criterion>
        <criterion useendtimefortimeframefilter="false" type="visits">
          <visitidset />
        </criterion>
        <inheritancemap />
      </filter>
      <autorefreshconfig unit="MINUTES" time="5" enabled="true" />
      <sashconfig displayoption="CHART" weights="500,500" />
      <datamodelconfig>
        <chart axis.x.title="" axis.y.title.show="true" showtooltips="true" bounds.y.enabled="false" showvalues="false" showtitle="false" logxaxis="false" title="" resolution="Auto" axis.x.show="true" maxsplitcharts="10" showname="true" bounds.y.lower="0.0" maxdisplayitems="10" zoomable="true" charttype="TrafficLightChart" aggregation.absolute="false" showheatfield="true" axis.y.show="true" isentitymarkable="false" orientation="Horizontal" yaxisalignment="0" legendposition="Bottom" axis.x.title.show="true" axis.y.title="" splitcharts="true" limititems="false" bounds.y.upper="5000.0" showlegend="false" lockyaxis="true" showlabels="true">
          <legendcomposition agent="true" measure="true" host="true">
            <pielabelcomposition agent="true" measure="true" host="true" value="true" />
          </legendcomposition>
          <chartsource systemid="easyTravel" sourcecolor="RGB(192,0,128,255)" dynamicconfig="true" fetchthreshold="false" scale="0" sessionid="easyTravel" groupingcriterion="" aggregationtype="Avg" rate="10s" sourcetype="MEASURE" id="5467b42e-d5a5-303f-84a3-53b9f67a97cd" ratesupported="true" displayrate="10s" visible="false" autounit="false" sessiontype="live" fetch.dynamic.measures="false" autoscale="false" measuretype="TransactionMeasure" fetchbaseline="false" unit="ms" name="easyTravel Trip Search by Destination [ak]" groupingvalue="" overridesource="false" fetchmeasurecolor="false" position="-1" uiunit="ms">
            <lightweightuniquemeasureidentifier systemid="easyTravel" application="" parentkeyid="easyTravel Trip Search by Destination" agentname="-" agenthost="-" metrickeyid="Value" keyid="easyTravel Trip Search by Destination [ak]" metricgroupkey="Business Transaction Results" collector="" measuretype="TransactionMeasure" />
            <displaysourceinfo measureunit="ms" agentname="-" agenthost="-" agentgroup="&lt;all-agents&gt;" transactionname="easyTravel Trip Search by Destination [ak]" measurerate="purepath" />
          </chartsource>
          <chartsource systemid="easyTravel" sourcecolor="RGB(192,0,128,255)" dynamicconfig="false" fetchthreshold="true" scale="0" sessionid="easyTravel" groupingcriterion="" colorinheritancemode="parent" aggregationtype="Max" rate="10s" sourcetype="MEASURE" id="7f206d6b-1061-4b0c-a80c-1967775ef71b" ratesupported="true" displayrate="10s" visible="true" autounit="false" sessiontype="live" fetch.dynamic.measures="false" autoscale="false" measuretype="TransactionMeasure" fetchbaseline="false" unit="ms" name="easyTravel Trip Search" groupingvalue="" overridesource="true" fetchmeasurecolor="false" position="1" uiunit="ms">
            <lightweightuniquemeasureidentifier systemid="easyTravel" application="" parentkeyid="easyTravel Trip Search" agentname="" metricsimpledisplayname="" agenthost="" metrickeyid="Value" keyid="easyTravel Trip Search" metricgroupkey="Business Transaction Results" collector="" measuretype="TransactionMeasure" />
            <displaysourceinfo measureunit="ms" agentname="" agenthost="" agentgroup="&lt;all-agents&gt;" transactionname="easyTravel Trip Search" measurerate="purepath" />
          </chartsource>
          <splitconfig splitlayout="Horizontal" splitmode="PerSeries" />
        </chart>
        <table structuremode="measureHierarchy" sortcolumn="0" drawcolumn="-1" columnorder="0,1,2,3,4,5,6,7,8,9,10,11,12,13,14,15,16,17,18,19">
          <column forcevisible="false" hidden="false" width="293" index="0" sort="Up" />
          <column forcevisible="false" hidden="false" width="100" index="1" sort="None" />
          <column forcevisible="false" hidden="false" width="100" index="2" sort="None" />
          <column forcevisible="false" hidden="false" width="25" index="3" sort="None" />
          <column forcevisible="false" hidden="false" width="100" index="4" sort="None" />
          <column forcevisible="false" hidden="false" width="100" index="5" sort="None" />
          <column forcevisible="false" hidden="false" width="50" index="6" sort="None" />
          <column forcevisible="false" hidden="false" width="75" index="7" sort="None" />
          <column forcevisible="false" hidden="false" width="75" index="8" sort="None" />
          <column forcevisible="false" hidden="false" width="75" index="9" sort="None" />
          <column forcevisible="false" hidden="false" width="75" index="10" sort="None" />
          <column forcevisible="false" hidden="true" width="75" index="11" sort="None" />
          <column forcevisible="false" hidden="false" width="100" index="12" sort="None" />
          <column forcevisible="false" hidden="false" width="105" index="13" sort="None" />
          <column forcevisible="false" hidden="true" width="50" index="14" sort="None" />
          <column forcevisible="false" hidden="false" width="50" index="15" sort="None" />
          <column forcevisible="false" hidden="true" width="50" index="16" sort="None" />
          <column forcevisible="false" hidden="true" width="150" index="17" sort="None" />
          <column forcevisible="false" hidden="false" width="150" index="18" sort="None" />
          <column forcevisible="false" hidden="false" width="150" index="19" sort="None" />
        </table>
        <heatfieldconfig customevents="true" deploymentevents="true" smartmeasure="true" smartserver="true" filterconfirmed="false">
          <incidentrules />
        </heatfieldconfig>
      </datamodelconfig>
      <chartcolors />
    </portletconfig>
    <portletconfig showabsolutevalues="false" usedashboardsourceforcompare="true" usespecificautorefresh="false" sessiontype="live" lastvalue="false" icon="com.dynatrace.diagnostics.sdk/chart_cust.png" description="" locationascomparesource="false" sessionid="easyTravel" usedashboardsource="true" folderid="org.eclipse.ui.internal.ViewStack@1ff44d4" locationassource="true" addfilterinfo="false" name="Search Response Time" ismaster="false" typeid="com.dynatrace.diagnostics.portlets.chart.Chart" id="bee9f51a-e9f3-462d-b951-9d920813dbef">
      <reportconfig print.images="true" lines.per.table="100" override="false" optimizeequalcolumns="true" print.legends="true" reportposition="13" enabled="true" levels.per.tree="10" />
      <filter>
        <criterion mode="all" type="agents" completepurepath="true">
          <textpattern name="agentname" type="contains" enabled="true" />
          <textpattern name="agenthost" type="contains" enabled="true" />
        </criterion>
        <criterion mode="all" type="applications" />
        <criterion type="btm" />
        <criterion mode="all" type="hosts" completepurepath="true" />
        <criterion type="timeframe">
          <timeframe type="Last 30min" />
        </criterion>
        <criterion useendtimefortimeframefilter="false" type="visits">
          <visitidset />
        </criterion>
        <inheritancemap />
      </filter>
      <autorefreshconfig unit="MINUTES" time="5" enabled="true" />
      <sashconfig displayoption="CHART" weights="500,500" />
      <datamodelconfig>
        <chart axis.x.title="" axis.y.title.show="false" showtooltips="true" bounds.y.enabled="false" showvalues="false" showtitle="false" logxaxis="false" title="" resolution="Auto" axis.x.show="true" maxsplitcharts="10" showname="true" maxdisplayitems="10" zoomable="true" charttype="AreaChart" aggregation.absolute="false" showheatfield="false" axis.y.show="true" isentitymarkable="false" orientation="Horizontal" yaxisalignment="0" legendposition="Bottom" axis.x.title.show="false" axis.y.title="" splitcharts="false" limititems="false" showlegend="false" lockyaxis="true" showlabels="true">
          <legendcomposition measure="true">
            <pielabelcomposition measure="true" value="true" />
          </legendcomposition>
          <chartsource systemid="easyTravel" sourcecolor="RGB(90,196,82,255)" dynamicconfig="false" fetchthreshold="true" scale="0" sessionid="easyTravel" groupingcriterion="" colorinheritancemode="parent" aggregationtype="Max" rate="10s" sourcetype="MEASURE" id="ce0caf0b-c991-4895-9957-b3673284410f" ratesupported="true" displayrate="10s" visible="true" autounit="false" sessiontype="live" fetch.dynamic.measures="false" autoscale="false" measuretype="TransactionMeasure" fetchbaseline="false" unit="ms" name="easyTravel Trip Search" groupingvalue="" overridesource="true" fetchmeasurecolor="false" position="1" uiunit="ms">
            <lightweightuniquemeasureidentifier systemid="easyTravel" application="" parentkeyid="easyTravel Trip Search" agentname="" metricsimpledisplayname="" agenthost="" metrickeyid="Value" keyid="easyTravel Trip Search" metricgroupkey="Business Transaction Results" collector="" measuretype="TransactionMeasure" />
            <displaysourceinfo measureunit="ms" agentname="" agenthost="" agentgroup="&lt;all-agents&gt;" transactionname="easyTravel Trip Search" measurerate="purepath" />
          </chartsource>
          <splitconfig splitlayout="Horizontal" splitmode="PerSeries" />
        </chart>
        <table structuremode="measureHierarchy" sortcolumn="0" drawcolumn="-1" columnorder="0,1,2,3,4,5,6,7,8,9,10,11,12,13,14,15,16,17,18,19">
          <column forcevisible="false" hidden="false" width="230" index="0" sort="Up" />
          <column forcevisible="false" hidden="false" width="100" index="1" sort="None" />
          <column forcevisible="false" hidden="false" width="100" index="2" sort="None" />
          <column forcevisible="false" hidden="false" width="25" index="3" sort="None" />
          <column forcevisible="false" hidden="false" width="100" index="4" sort="None" />
          <column forcevisible="false" hidden="false" width="100" index="5" sort="None" />
          <column forcevisible="false" hidden="false" width="50" index="6" sort="None" />
          <column forcevisible="false" hidden="false" width="75" index="7" sort="None" />
          <column forcevisible="false" hidden="false" width="75" index="8" sort="None" />
          <column forcevisible="false" hidden="false" width="75" index="9" sort="None" />
          <column forcevisible="false" hidden="false" width="75" index="10" sort="None" />
          <column forcevisible="false" hidden="true" width="75" index="11" sort="None" />
          <column forcevisible="false" hidden="false" width="100" index="12" sort="None" />
          <column forcevisible="false" hidden="false" width="105" index="13" sort="None" />
          <column forcevisible="false" hidden="true" width="50" index="14" sort="None" />
          <column forcevisible="false" hidden="false" width="50" index="15" sort="None" />
          <column forcevisible="false" hidden="true" width="50" index="16" sort="None" />
          <column forcevisible="false" hidden="true" width="150" index="17" sort="None" />
          <column forcevisible="false" hidden="false" width="150" index="18" sort="None" />
          <column forcevisible="false" hidden="false" width="150" index="19" sort="None" />
        </table>
        <heatfieldconfig customevents="true" deploymentevents="true" smartmeasure="true" smartserver="true" filterconfirmed="false">
          <incidentrules />
        </heatfieldconfig>
      </datamodelconfig>
      <chartcolors threshold_warning_color="RGB(0,128,255,255)" threshold_severe_color="RGB(0,64,128,255)" />
    </portletconfig>
    <portletconfig showabsolutevalues="false" usedashboardsourceforcompare="true" usespecificautorefresh="false" sessiontype="live" lastvalue="false" icon="com.dynatrace.diagnostics.sdk/default.gif" description="" locationascomparesource="false" sessionid="easyTravel" usedashboardsource="true" folderid="org.eclipse.ui.internal.ViewStack@10edfce" locationassource="true" addfilterinfo="false" name="User Login SLA Compliance" ismaster="false" typeid="com.dynatrace.diagnostics.portlets.chart.Chart" id="c81758c9-7d85-4276-aaa5-f1f2806e8dc5">
      <reportconfig print.images="true" lines.per.table="100" override="false" optimizeequalcolumns="true" print.legends="true" reportposition="1" enabled="true" levels.per.tree="10" />
      <filter>
        <criterion mode="all" type="agents" completepurepath="true">
          <textpattern name="agentname" type="contains" enabled="true" />
          <textpattern name="agenthost" type="contains" enabled="true" />
        </criterion>
        <criterion mode="all" type="applications" />
        <criterion type="btm" />
        <criterion mode="all" type="hosts" completepurepath="true" />
        <criterion type="timeframe">
          <timeframe type="Last 30min" />
        </criterion>
        <criterion useendtimefortimeframefilter="false" type="visits">
          <visitidset />
        </criterion>
        <inheritancemap />
      </filter>
      <autorefreshconfig unit="MINUTES" time="5" enabled="true" />
      <sashconfig displayoption="CHART" weights="500,500" />
      <datamodelconfig>
        <chart axis.x.title="" axis.y.title.show="true" showtooltips="true" bounds.y.enabled="false" showvalues="false" showtitle="false" logxaxis="false" title="" resolution="Auto" axis.x.show="true" maxsplitcharts="10" showname="true" bounds.y.lower="0.0" maxdisplayitems="10" zoomable="true" charttype="TrafficLightChart" aggregation.absolute="false" showheatfield="true" axis.y.show="true" isentitymarkable="false" orientation="Horizontal" yaxisalignment="0" legendposition="Bottom" axis.x.title.show="true" axis.y.title="" splitcharts="true" limititems="false" bounds.y.upper="5000.0" showlegend="false" lockyaxis="true" showlabels="true">
          <legendcomposition agent="true" measure="true" host="true">
            <pielabelcomposition agent="true" measure="true" host="true" value="true" />
          </legendcomposition>
          <chartsource systemid="easyTravel" sourcecolor="RGB(192,0,128,255)" dynamicconfig="false" fetchthreshold="true" scale="0" sessionid="easyTravel" groupingcriterion="" colorinheritancemode="parent" aggregationtype="Max" rate="10s" sourcetype="MEASURE" id="4c18cb1a-1fb3-4160-9b82-13097d31a916" ratesupported="true" displayrate="10s" visible="true" autounit="false" sessiontype="live" fetch.dynamic.measures="false" autoscale="false" measuretype="TransactionMeasure" fetchbaseline="false" unit="ms" name="easyTravel Logins" groupingvalue="" overridesource="true" fetchmeasurecolor="false" position="1" uiunit="ms">
            <lightweightuniquemeasureidentifier systemid="easyTravel" application="" parentkeyid="easyTravel Logins" agentname="" metricsimpledisplayname="" agenthost="" metrickeyid="Value" keyid="easyTravel Logins" metricgroupkey="Business Transaction Results" collector="" measuretype="TransactionMeasure" />
            <displaysourceinfo measureunit="ms" agentname="" agenthost="" agentgroup="&lt;all-agents&gt;" transactionname="easyTravel Logins" measurerate="purepath" />
          </chartsource>
          <splitconfig splitlayout="Horizontal" splitmode="PerSeries" />
        </chart>
        <table structuremode="measureHierarchy" sortcolumn="0" drawcolumn="-1" columnorder="0,1,2,3,4,5,6,7,8,9,10,11,12,13,14,15,16,17,18,19">
          <column forcevisible="false" hidden="false" width="293" index="0" sort="Up" />
          <column forcevisible="false" hidden="false" width="100" index="1" sort="None" />
          <column forcevisible="false" hidden="false" width="100" index="2" sort="None" />
          <column forcevisible="false" hidden="false" width="25" index="3" sort="None" />
          <column forcevisible="false" hidden="false" width="100" index="4" sort="None" />
          <column forcevisible="false" hidden="false" width="100" index="5" sort="None" />
          <column forcevisible="false" hidden="false" width="50" index="6" sort="None" />
          <column forcevisible="false" hidden="false" width="75" index="7" sort="None" />
          <column forcevisible="false" hidden="false" width="75" index="8" sort="None" />
          <column forcevisible="false" hidden="false" width="75" index="9" sort="None" />
          <column forcevisible="false" hidden="false" width="75" index="10" sort="None" />
          <column forcevisible="false" hidden="true" width="75" index="11" sort="None" />
          <column forcevisible="false" hidden="false" width="100" index="12" sort="None" />
          <column forcevisible="false" hidden="false" width="105" index="13" sort="None" />
          <column forcevisible="false" hidden="true" width="50" index="14" sort="None" />
          <column forcevisible="false" hidden="false" width="50" index="15" sort="None" />
          <column forcevisible="false" hidden="true" width="50" index="16" sort="None" />
          <column forcevisible="false" hidden="true" width="150" index="17" sort="None" />
          <column forcevisible="false" hidden="false" width="150" index="18" sort="None" />
          <column forcevisible="false" hidden="false" width="150" index="19" sort="None" />
        </table>
        <heatfieldconfig customevents="true" deploymentevents="true" smartmeasure="true" smartserver="true" filterconfirmed="false">
          <incidentrules />
        </heatfieldconfig>
      </datamodelconfig>
      <chartcolors />
    </portletconfig>
    <portletconfig usedashboardsourceforcompare="true" usespecificautorefresh="false" sessiontype="live" icon="com.dynatrace.diagnostics.sdk/default.gif" description="" locationascomparesource="false" sessionid="easyTravel" usedashboardsource="true" folderid="org.eclipse.ui.internal.ViewStack@666ec4" locationassource="true" addfilterinfo="false" name="Bookings by User - last 30 min" ismaster="false" typeid="com.dynatrace.diagnostics.portlets.chart.BtHistoricalCompare" id="d821b386-3ea2-4b8c-a8c6-1dfbb749eb3f" treestructuremode="Hierarchy">
      <reportconfig print.images="true" lines.per.table="100" override="false" optimizeequalcolumns="true" print.legends="true" reportposition="17" enabled="true" levels.per.tree="10" />
      <filter>
        <criterion mode="all" type="agents" completepurepath="true">
          <textpattern name="agentname" type="contains" enabled="true" />
          <textpattern name="agenthost" type="contains" enabled="true" />
        </criterion>
        <criterion mode="all" type="applications" />
        <criterion type="btm" />
        <criterion mode="all" type="hosts" completepurepath="true" />
        <criterion type="timeframe">
          <timeframe type="Last 30min" />
        </criterion>
        <inheritancemap>
          <inheritanceentry inherited="false" type="timeframe" />
        </inheritancemap>
      </filter>
      <autorefreshconfig unit="MINUTES" time="5" enabled="true" />
      <sashconfig displayoption="CHART_AND_TABLE" weights="1,1" />
      <datamodelconfig sortcolumn="11" columnorder="" sorttable="0" sortorder="Down">
        <chartsourceconfigurations>
          <chartsource systemid="easyTravel" visible="true" dynamicconfig="false" sessiontype="live" scale="-2147483648" sessionid="easyTravel" autoscale="true" name="easyTravel Bookings by User" overridesource="false" sourcetype="BUSINESS_TRANSACTION" id="065a79f6-2ad3-4c77-a549-e1b07f410419" position="3" displayrate="10s">
            <businesstransaction groupingconstant1="BTSP1" transactionconfigkeyid="easyTravel Bookings by User" parentconfigurationid="27d684d0-d2cb-44fe-ae4c-84b80ac61140">
              <sessionreference systemid="easyTravel" datastarttime="-1" techtypes="0" latestmodification="-1" lastmodifiedby="" type="live" />
              <childsourceconfigs>
                <chartsource systemid="easyTravel" sourcecolor="RGB(0,0,0,255)" dynamicconfig="false" fetchthreshold="false" scale="-2147483648" sessionid="easyTravel" colorinheritancemode="parent" aggregationtype="Sum" rate="10s" sourcetype="MEASURE" id="e8e8e94a-d338-419d-80c9-2dabc89d961d" ratesupported="true" displayrate="10s" visible="false" sessiontype="live" fetch.dynamic.measures="true" autoscale="true" measuretype="TransactionMeasure" fetchbaseline="false" name="easyTravel Bookings by User (PurePath Response Time;PurePaths;PurePath Response Time)" groupingvalue="" overridesource="false" fetchmeasurecolor="false" position="-1" uiunit="auto">
                  <lightweightuniquemeasureidentifier systemid="easyTravel" application="" parentkeyid="easyTravel Bookings by User (PurePath Response Time;PurePaths;PurePath Response Time)" agentname="" agenthost="" metrickeyid="Value" keyid="easyTravel Bookings by User (PurePath Response Time;PurePaths;PurePath Response Time)" metricgroupkey="Business Transaction Results" collector="" measuretype="TransactionMeasure" />
                  <displaysourceinfo />
                </chartsource>
                <chartsource systemid="easyTravel" sourcecolor="RGB(0,0,0,255)" dynamicconfig="false" fetchthreshold="false" scale="-2147483648" sessionid="easyTravel" colorinheritancemode="parent" aggregationtype="Count" rate="10s" sourcetype="MEASURE" id="f5054e2a-ac95-4e47-81ef-05365a8d4de6" ratesupported="true" displayrate="10s" visible="true" sessiontype="live" fetch.dynamic.measures="true" autoscale="true" measuretype="TransactionMeasure" fetchbaseline="false" name="easyTravel Bookings by User (PurePath Response Time;PurePaths;PurePath Response Time)" groupingvalue="" overridesource="false" fetchmeasurecolor="false" position="-1" uiunit="auto">
                  <lightweightuniquemeasureidentifier systemid="easyTravel" application="" parentkeyid="easyTravel Bookings by User (PurePath Response Time;PurePaths;PurePath Response Time)" agentname="" agenthost="" metrickeyid="Value" keyid="easyTravel Bookings by User (PurePath Response Time;PurePaths;PurePath Response Time)" metricgroupkey="Business Transaction Results" collector="" measuretype="TransactionMeasure" />
                  <displaysourceinfo />
                </chartsource>
                <chartsource systemid="easyTravel" sourcecolor="RGB(0,0,0,255)" dynamicconfig="false" fetchthreshold="false" scale="-2147483648" sessionid="easyTravel" colorinheritancemode="parent" aggregationtype="Max" rate="10s" sourcetype="MEASURE" id="82c3cf43-52f6-4f58-8413-ea131e753adc" ratesupported="true" displayrate="10s" visible="true" sessiontype="live" fetch.dynamic.measures="true" autoscale="true" measuretype="TransactionMeasure" fetchbaseline="false" name="easyTravel Bookings by User (PurePath Response Time;PurePaths;PurePath Response Time)" groupingvalue="" overridesource="false" fetchmeasurecolor="false" position="-1" uiunit="auto">
                  <lightweightuniquemeasureidentifier systemid="easyTravel" application="" parentkeyid="easyTravel Bookings by User (PurePath Response Time;PurePaths;PurePath Response Time)" agentname="" agenthost="" metrickeyid="Value" keyid="easyTravel Bookings by User (PurePath Response Time;PurePaths;PurePath Response Time)" metricgroupkey="Business Transaction Results" collector="" measuretype="TransactionMeasure" />
                  <displaysourceinfo />
                </chartsource>
                <chartsource systemid="easyTravel" sourcecolor="RGB(0,0,0,255)" dynamicconfig="false" fetchthreshold="false" scale="-2147483648" sessionid="easyTravel" colorinheritancemode="parent" aggregationtype="Avg" rate="10s" sourcetype="MEASURE" id="3a503ee8-da0c-462d-bdc2-c4b595619a28" ratesupported="true" displayrate="10s" visible="false" sessiontype="live" fetch.dynamic.measures="true" autoscale="true" measuretype="TransactionMeasure" fetchbaseline="false" name="easyTravel Bookings by User (PurePath Response Time;PurePaths;PurePath Response Time)" groupingvalue="" overridesource="false" fetchmeasurecolor="false" position="-1" uiunit="auto">
                  <lightweightuniquemeasureidentifier systemid="easyTravel" application="" parentkeyid="easyTravel Bookings by User (PurePath Response Time;PurePaths;PurePath Response Time)" agentname="" agenthost="" metrickeyid="Value" keyid="easyTravel Bookings by User (PurePath Response Time;PurePaths;PurePath Response Time)" metricgroupkey="Business Transaction Results" collector="" measuretype="TransactionMeasure" />
                  <displaysourceinfo />
                </chartsource>
                <chartsource systemid="easyTravel" sourcecolor="RGB(0,0,0,255)" dynamicconfig="false" fetchthreshold="false" scale="-2147483648" sessionid="easyTravel" colorinheritancemode="parent" aggregationtype="Sum" rate="10s" sourcetype="MEASURE" id="d7789f5a-deab-4b8b-8d22-d0c13440d7a6" ratesupported="true" displayrate="10s" visible="false" sessiontype="live" fetch.dynamic.measures="true" autoscale="true" measuretype="TransactionMeasure" fetchbaseline="false" name="easyTravel Bookings by User (Revenue;Business Transaction Evaluation/Filter/Grouping Values;Argument Value)" groupingvalue="" overridesource="false" fetchmeasurecolor="false" position="-1" uiunit="auto">
                  <lightweightuniquemeasureidentifier systemid="easyTravel" application="" parentkeyid="easyTravel Bookings by User (Revenue;Business Transaction Evaluation/Filter/Grouping Values;Argument Value)" agentname="" agenthost="" metrickeyid="Value" keyid="easyTravel Bookings by User (Revenue;Business Transaction Evaluation/Filter/Grouping Values;Argument Value)" metricgroupkey="Business Transaction Results" collector="" measuretype="TransactionMeasure" />
                  <displaysourceinfo />
                </chartsource>
                <chartsource systemid="easyTravel" sourcecolor="RGB(0,0,0,255)" dynamicconfig="false" fetchthreshold="false" scale="-2147483648" sessionid="easyTravel" colorinheritancemode="parent" aggregationtype="Count" rate="10s" sourcetype="MEASURE" id="57ad0a88-9017-45da-a728-67ecb362af56" ratesupported="true" displayrate="10s" visible="true" sessiontype="live" fetch.dynamic.measures="true" autoscale="true" measuretype="TransactionMeasure" fetchbaseline="false" name="easyTravel Bookings by User (Revenue;Business Transaction Evaluation/Filter/Grouping Values;Argument Value)" groupingvalue="" overridesource="false" fetchmeasurecolor="false" position="-1" uiunit="auto">
                  <lightweightuniquemeasureidentifier systemid="easyTravel" application="" parentkeyid="easyTravel Bookings by User (Revenue;Business Transaction Evaluation/Filter/Grouping Values;Argument Value)" agentname="" agenthost="" metrickeyid="Value" keyid="easyTravel Bookings by User (Revenue;Business Transaction Evaluation/Filter/Grouping Values;Argument Value)" metricgroupkey="Business Transaction Results" collector="" measuretype="TransactionMeasure" />
                  <displaysourceinfo />
                </chartsource>
                <chartsource systemid="easyTravel" sourcecolor="RGB(0,0,0,255)" dynamicconfig="false" fetchthreshold="false" scale="-2147483648" sessionid="easyTravel" colorinheritancemode="parent" aggregationtype="Max" rate="10s" sourcetype="MEASURE" id="de9998db-22b8-45a9-9585-48681de798ac" ratesupported="true" displayrate="10s" visible="false" sessiontype="live" fetch.dynamic.measures="true" autoscale="true" measuretype="TransactionMeasure" fetchbaseline="false" name="easyTravel Bookings by User (Revenue;Business Transaction Evaluation/Filter/Grouping Values;Argument Value)" groupingvalue="" overridesource="false" fetchmeasurecolor="false" position="-1" uiunit="auto">
                  <lightweightuniquemeasureidentifier systemid="easyTravel" application="" parentkeyid="easyTravel Bookings by User (Revenue;Business Transaction Evaluation/Filter/Grouping Values;Argument Value)" agentname="" agenthost="" metrickeyid="Value" keyid="easyTravel Bookings by User (Revenue;Business Transaction Evaluation/Filter/Grouping Values;Argument Value)" metricgroupkey="Business Transaction Results" collector="" measuretype="TransactionMeasure" />
                  <displaysourceinfo />
                </chartsource>
                <chartsource systemid="easyTravel" sourcecolor="RGB(0,0,0,255)" dynamicconfig="false" fetchthreshold="false" scale="-2147483648" sessionid="easyTravel" colorinheritancemode="parent" aggregationtype="Avg" rate="10s" sourcetype="MEASURE" id="b70dd29a-6929-4f8e-a66d-2e64cd0e3ae0" ratesupported="true" displayrate="10s" visible="true" sessiontype="live" fetch.dynamic.measures="true" autoscale="true" measuretype="TransactionMeasure" fetchbaseline="false" name="easyTravel Bookings by User (Revenue;Business Transaction Evaluation/Filter/Grouping Values;Argument Value)" groupingvalue="" overridesource="false" fetchmeasurecolor="false" position="-1" uiunit="auto">
                  <lightweightuniquemeasureidentifier systemid="easyTravel" application="" parentkeyid="easyTravel Bookings by User (Revenue;Business Transaction Evaluation/Filter/Grouping Values;Argument Value)" agentname="" agenthost="" metrickeyid="Value" keyid="easyTravel Bookings by User (Revenue;Business Transaction Evaluation/Filter/Grouping Values;Argument Value)" metricgroupkey="Business Transaction Results" collector="" measuretype="TransactionMeasure" />
                  <displaysourceinfo />
                </chartsource>
              </childsourceconfigs>
            </businesstransaction>
          </chartsource>
        </chartsourceconfigurations>
        <columndescriptor special="true" displayname="Count" name="Count" id="count">
          <aggregationtype aggregationtypeid="Max" />
          <column forcevisible="false" hidden="false" width="65" tooltip="The number of times this Business Transaction occurred" index="-1" sort="None" />
        </columndescriptor>
        <columndescriptor special="true" displayname="Count per day" name="Count per day" id="countPerDay">
          <aggregationtype aggregationtypeid="Max" />
          <column forcevisible="false" hidden="true" width="65" tooltip="The number of times this Business Transaction occurred, normalized to a one-day period" index="-1" sort="None" />
        </columndescriptor>
        <columndescriptor special="true" displayname="Incidents" name="Incidents" id="incidents">
          <aggregationtype aggregationtypeid="Max" />
          <column forcevisible="false" hidden="true" width="65" tooltip="The number of Business Transactions which triggered incidents" index="-1" sort="None" />
        </columndescriptor>
        <columndescriptor special="true" displayname="Incidents per day" name="Incidents per day" id="incidentsPerDay">
          <aggregationtype aggregationtypeid="Max" />
          <column forcevisible="false" hidden="true" width="65" tooltip="The number Business Transactions which triggered incidents, normalized to a one-day period" index="-1" sort="None" />
        </columndescriptor>
        <columndescriptor special="true" displayname="Incident rate [%]" name="Incident rate [%]" id="incidentRate">
          <aggregationtype aggregationtypeid="Max" />
          <column forcevisible="false" hidden="false" width="65" tooltip="The number of Business Transactions which triggered incidents, in relation to the number of times this Business Transaction occurred" index="-1" sort="None" />
        </columndescriptor>
        <columndescriptor special="true" displayname="Violations" name="Violations" id="violations">
          <aggregationtype aggregationtypeid="Max" />
          <column forcevisible="false" hidden="true" width="65" tooltip="The number of violations of result measures of this Business Transaction" index="-1" sort="None" />
        </columndescriptor>
        <columndescriptor special="true" displayname="Violations per day" name="Violations per day" id="violationsPerDay">
          <aggregationtype aggregationtypeid="Max" />
          <column forcevisible="false" hidden="true" width="20" tooltip="The number of violations of result measures of this Business Transaction, normalized to a one-day period" index="-1" sort="None" />
        </columndescriptor>
        <columndescriptor special="true" displayname="Violations per Business Transaction [%]" name="Violations per Business Transaction [%]" id="violationRate">
          <aggregationtype aggregationtypeid="Max" />
          <column forcevisible="false" hidden="false" width="65" tooltip="The number of violations of result measures of this Business Transaction, in relation to the number of times this Business Transaction occurred" index="-1" sort="None" />
        </columndescriptor>
        <columndescriptor special="true" displayname="" name="" id="state">
          <aggregationtype aggregationtypeid="Max" />
          <column forcevisible="false" hidden="false" width="20" tooltip="The state (ok, warning, error) that has been detected for this Business Transaction" index="-1" sort="None" />
        </columndescriptor>
        <columndescriptor special="true" displayname="Failed %" name="Failed %" id="errorPercentage">
          <aggregationtype aggregationtypeid="Max" />
          <column forcevisible="false" hidden="false" width="65" tooltip="The percentage of errors that has been detected for this Business Transaction" index="-1" sort="None" />
        </columndescriptor>
        <columndescriptor special="false" name="PurePath Response Time">
          <aggregationtype aggregationtypeid="Sum" />
          <column forcevisible="false" hidden="true" width="20" index="-1" sort="None" />
        </columndescriptor>
        <columndescriptor special="false" name="PurePath Response Time">
          <aggregationtype aggregationtypeid="Avg" />
          <column forcevisible="false" hidden="true" width="132" index="-1" sort="Down" />
        </columndescriptor>
        <columndescriptor special="false" name="PurePath Response Time">
          <aggregationtype aggregationtypeid="Max" />
          <column forcevisible="false" hidden="false" width="125" index="-1" sort="Down" />
        </columndescriptor>
        <columndescriptor special="false" name="Revenue">
          <aggregationtype aggregationtypeid="Sum" />
          <column forcevisible="false" hidden="true" width="65" index="-1" sort="None" />
        </columndescriptor>
        <columndescriptor special="false" name="Revenue">
          <aggregationtype aggregationtypeid="Max" />
          <column forcevisible="false" hidden="true" width="65" index="-1" sort="None" />
        </columndescriptor>
        <columndescriptor special="false" name="Revenue">
          <aggregationtype aggregationtypeid="Avg" />
          <column forcevisible="false" hidden="false" width="65" index="-1" sort="None" />
        </columndescriptor>
        <aggregationtype aggregationtypeid="Avg" />
        <aggregationtype aggregationtypeid="Max" />
        <aggregationtype aggregationtypeid="Sum" />
        <expandednodes>
          <expandednode expandednode="easyTravel Bookings by User" />
        </expandednodes>
      </datamodelconfig>
      <descriptors>
        <timeframetabledescriptor enabled="false">
          <timeframe type="Last 7d" />
        </timeframetabledescriptor>
        <timeframetabledescriptor enabled="false">
          <timeframe type="Last Month" />
        </timeframetabledescriptor>
        <timeframetabledescriptor enabled="false">
          <timeframe type="Last Year" />
        </timeframetabledescriptor>
      </descriptors>
      <ccontent enabled="both" ratio="0.361" />
    </portletconfig>
    <portletconfig showabsolutevalues="false" usedashboardsourceforcompare="true" usespecificautorefresh="false" sessiontype="live" lastvalue="false" icon="com.dynatrace.diagnostics.sdk/chart_cust.png" description="" locationascomparesource="false" sessionid="easyTravel" usedashboardsource="true" folderid="org.eclipse.ui.internal.ViewStack@15ef9db" locationassource="true" addfilterinfo="false" name="Booking Response Time" ismaster="false" typeid="com.dynatrace.diagnostics.portlets.chart.Chart" id="e2b8c336-1bc7-43ca-ab9a-0fbc236e44ca">
      <reportconfig print.images="true" lines.per.table="100" override="false" optimizeequalcolumns="true" print.legends="true" reportposition="16" enabled="true" levels.per.tree="10" />
      <filter>
        <criterion mode="all" type="agents" completepurepath="true">
          <textpattern name="agentname" type="contains" enabled="true" />
          <textpattern name="agenthost" type="contains" enabled="true" />
        </criterion>
        <criterion mode="all" type="applications" />
        <criterion type="btm" />
        <criterion mode="all" type="hosts" completepurepath="true" />
        <criterion type="timeframe">
          <timeframe type="Last 30min" />
        </criterion>
        <criterion useendtimefortimeframefilter="false" type="visits">
          <visitidset />
        </criterion>
        <inheritancemap />
      </filter>
      <autorefreshconfig unit="MINUTES" time="5" enabled="true" />
      <sashconfig displayoption="CHART" weights="500,500" />
      <datamodelconfig>
        <chart axis.x.title="" axis.y.title.show="false" showtooltips="true" bounds.y.enabled="false" showvalues="false" showtitle="false" logxaxis="false" title="" resolution="Auto" axis.x.show="true" maxsplitcharts="10" showname="true" maxdisplayitems="10" zoomable="true" charttype="AreaChart" aggregation.absolute="false" showheatfield="false" axis.y.show="true" isentitymarkable="false" orientation="Horizontal" yaxisalignment="0" legendposition="Bottom" axis.x.title.show="false" axis.y.title="" splitcharts="false" limititems="false" showlegend="false" lockyaxis="true" showlabels="true">
          <legendcomposition measure="true">
            <pielabelcomposition measure="true" value="true" />
          </legendcomposition>
          <chartsource systemid="easyTravel" sourcecolor="RGB(74,103,232,255)" dynamicconfig="false" fetchthreshold="true" scale="0" sessionid="easyTravel" groupingcriterion="" colorinheritancemode="parent" aggregationtype="Max" rate="10s" sourcetype="MEASURE" id="01086054-2b7f-475b-b9bb-eb9b9e843560" ratesupported="true" displayrate="10s" visible="true" autounit="false" sessiontype="live" fetch.dynamic.measures="false" autoscale="false" measuretype="TransactionMeasure" fetchbaseline="false" unit="ms" name="easyTravel Bookings - PurePath Response Time" groupingvalue="" overridesource="true" fetchmeasurecolor="false" position="1" uiunit="ms">
            <lightweightuniquemeasureidentifier systemid="easyTravel" application="" parentkeyid="easyTravel Bookings (PurePath Response Time;PurePaths;PurePath Response Time)" agentname="" metricsimpledisplayname="" agenthost="" metrickeyid="Value" keyid="easyTravel Bookings (PurePath Response Time;PurePaths;PurePath Response Time)" metricgroupkey="Business Transaction Results" collector="" measuretype="TransactionMeasure" />
            <displaysourceinfo measureunit="ms" agentname="" agenthost="" agentgroup="&lt;all-agents&gt;" transactionname="easyTravel Bookings" measurerate="purepath" />
          </chartsource>
          <splitconfig splitlayout="Horizontal" splitmode="PerSeries" />
        </chart>
        <table structuremode="measureHierarchy" sortcolumn="0" drawcolumn="-1" columnorder="0,1,2,3,4,5,6,7,8,9,10,11,12,13,14,15,16,17,18,19">
          <column forcevisible="false" hidden="false" width="150" index="0" sort="Up" />
          <column forcevisible="false" hidden="false" width="100" index="1" sort="None" />
          <column forcevisible="false" hidden="false" width="100" index="2" sort="None" />
          <column forcevisible="false" hidden="false" width="25" index="3" sort="None" />
          <column forcevisible="false" hidden="false" width="100" index="4" sort="None" />
          <column forcevisible="false" hidden="false" width="100" index="5" sort="None" />
          <column forcevisible="false" hidden="false" width="50" index="6" sort="None" />
          <column forcevisible="false" hidden="false" width="75" index="7" sort="None" />
          <column forcevisible="false" hidden="false" width="75" index="8" sort="None" />
          <column forcevisible="false" hidden="false" width="75" index="9" sort="None" />
          <column forcevisible="false" hidden="false" width="75" index="10" sort="None" />
          <column forcevisible="false" hidden="true" width="75" index="11" sort="None" />
          <column forcevisible="false" hidden="false" width="100" index="12" sort="None" />
          <column forcevisible="false" hidden="false" width="105" index="13" sort="None" />
          <column forcevisible="false" hidden="true" width="50" index="14" sort="None" />
          <column forcevisible="false" hidden="false" width="50" index="15" sort="None" />
          <column forcevisible="false" hidden="true" width="50" index="16" sort="None" />
          <column forcevisible="false" hidden="true" width="150" index="17" sort="None" />
          <column forcevisible="false" hidden="false" width="150" index="18" sort="None" />
          <column forcevisible="false" hidden="false" width="150" index="19" sort="None" />
        </table>
        <heatfieldconfig customevents="true" deploymentevents="true" smartmeasure="true" smartserver="true" filterconfirmed="false">
          <incidentrules />
        </heatfieldconfig>
      </datamodelconfig>
      <chartcolors threshold_warning_color="RGB(128,0,255,255)" threshold_severe_color="RGB(128,0,128,255)" />
    </portletconfig>
    <portletconfig usedashboardsourceforcompare="true" usespecificautorefresh="false" sessiontype="live" icon="com.dynatrace.diagnostics.sdk/default.gif" description="" locationascomparesource="false" sessionid="easyTravel" usedashboardsource="true" folderid="org.eclipse.ui.internal.ViewStack@e39a6b" locationassource="true" addfilterinfo="false" name="Searches by User - last 30 min" ismaster="false" typeid="com.dynatrace.diagnostics.portlets.chart.BtHistoricalCompare" id="f59c1bc9-c529-48df-8fe6-35db1257f066" treestructuremode="Hierarchy">
      <reportconfig print.images="true" lines.per.table="100" override="false" optimizeequalcolumns="true" print.legends="true" reportposition="14" enabled="true" levels.per.tree="10" />
      <filter>
        <criterion mode="all" type="agents" completepurepath="true">
          <textpattern name="agentname" type="contains" enabled="true" />
          <textpattern name="agenthost" type="contains" enabled="true" />
        </criterion>
        <criterion mode="all" type="applications" />
        <criterion type="btm" />
        <criterion mode="all" type="hosts" completepurepath="true" />
        <criterion type="timeframe">
          <timeframe type="Last 30min" />
        </criterion>
        <inheritancemap>
          <inheritanceentry inherited="false" type="timeframe" />
        </inheritancemap>
      </filter>
      <autorefreshconfig unit="MINUTES" time="5" enabled="true" />
      <sashconfig displayoption="CHART_AND_TABLE" weights="1,1" />
      <datamodelconfig sortcolumn="11" columnorder="" sorttable="0" sortorder="Down">
        <chartsourceconfigurations>
          <chartsource systemid="easyTravel" visible="true" dynamicconfig="false" sessiontype="live" scale="-2147483648" sessionid="easyTravel" autoscale="true" name="easyTravel Trip Search by User" overridesource="false" sourcetype="BUSINESS_TRANSACTION" id="a9cceb9e-3a68-4413-b862-79b5af20fb83" position="1" displayrate="10s">
            <businesstransaction groupingconstant1="BTSP1" transactionconfigkeyid="easyTravel Trip Search by User" parentconfigurationid="433347de-94bd-4e5d-814b-086a465df0e2">
              <sessionreference systemid="easyTravel" datastarttime="-1" techtypes="0" latestmodification="-1" lastmodifiedby="" type="live" />
              <childsourceconfigs>
                <chartsource systemid="easyTravel" sourcecolor="RGB(0,0,0,255)" dynamicconfig="false" fetchthreshold="false" scale="-2147483648" sessionid="easyTravel" groupingcriterion="" colorinheritancemode="parent" aggregationtype="Sum" rate="10s" sourcetype="MEASURE" id="0cd96ae8-0fd3-4741-a0ae-718da78f3cba" ratesupported="true" displayrate="10s" visible="false" sessiontype="live" fetch.dynamic.measures="true" autoscale="true" measuretype="TransactionMeasure" fetchbaseline="false" name="easyTravel Trip Search by User" groupingvalue="" overridesource="false" fetchmeasurecolor="false" position="-1" uiunit="auto">
                  <lightweightuniquemeasureidentifier systemid="easyTravel" application="" parentkeyid="easyTravel Trip Search by User" agentname="" agenthost="" metrickeyid="Value" keyid="easyTravel Trip Search by User" metricgroupkey="Business Transaction Results" collector="" measuretype="TransactionMeasure" />
                  <displaysourceinfo />
                </chartsource>
                <chartsource systemid="easyTravel" sourcecolor="RGB(0,0,0,255)" dynamicconfig="false" fetchthreshold="false" scale="-2147483648" sessionid="easyTravel" groupingcriterion="" colorinheritancemode="parent" aggregationtype="Count" rate="10s" sourcetype="MEASURE" id="ebe17e91-8d0c-4577-80b6-57705ccc48da" ratesupported="true" displayrate="10s" visible="true" sessiontype="live" fetch.dynamic.measures="true" autoscale="true" measuretype="TransactionMeasure" fetchbaseline="false" name="easyTravel Trip Search by User" groupingvalue="" overridesource="false" fetchmeasurecolor="false" position="-1" uiunit="auto">
                  <lightweightuniquemeasureidentifier systemid="easyTravel" application="" parentkeyid="easyTravel Trip Search by User" agentname="" agenthost="" metrickeyid="Value" keyid="easyTravel Trip Search by User" metricgroupkey="Business Transaction Results" collector="" measuretype="TransactionMeasure" />
                  <displaysourceinfo />
                </chartsource>
                <chartsource systemid="easyTravel" sourcecolor="RGB(0,0,0,255)" dynamicconfig="false" fetchthreshold="false" scale="-2147483648" sessionid="easyTravel" groupingcriterion="" colorinheritancemode="parent" aggregationtype="Avg" rate="10s" sourcetype="MEASURE" id="04b2f64f-2f18-4ae2-8685-59cecab8ee66" ratesupported="true" displayrate="10s" visible="false" sessiontype="live" fetch.dynamic.measures="true" autoscale="true" measuretype="TransactionMeasure" fetchbaseline="false" name="easyTravel Trip Search by User" groupingvalue="" overridesource="false" fetchmeasurecolor="false" position="-1" uiunit="auto">
                  <lightweightuniquemeasureidentifier systemid="easyTravel" application="" parentkeyid="easyTravel Trip Search by User" agentname="" agenthost="" metrickeyid="Value" keyid="easyTravel Trip Search by User" metricgroupkey="Business Transaction Results" collector="" measuretype="TransactionMeasure" />
                  <displaysourceinfo />
                </chartsource>
                <chartsource systemid="easyTravel" sourcecolor="RGB(0,0,0,255)" dynamicconfig="false" fetchthreshold="false" scale="-2147483648" sessionid="easyTravel" groupingcriterion="" colorinheritancemode="parent" aggregationtype="Max" rate="10s" sourcetype="MEASURE" id="acf0802a-7024-4cb5-be53-298040e2c81d" ratesupported="true" displayrate="10s" visible="true" sessiontype="live" fetch.dynamic.measures="true" autoscale="true" measuretype="TransactionMeasure" fetchbaseline="false" name="easyTravel Trip Search by User" groupingvalue="" overridesource="false" fetchmeasurecolor="false" position="-1" uiunit="auto">
                  <lightweightuniquemeasureidentifier systemid="easyTravel" application="" parentkeyid="easyTravel Trip Search by User" agentname="" agenthost="" metrickeyid="Value" keyid="easyTravel Trip Search by User" metricgroupkey="Business Transaction Results" collector="" measuretype="TransactionMeasure" />
                  <displaysourceinfo />
                </chartsource>
              </childsourceconfigs>
            </businesstransaction>
          </chartsource>
        </chartsourceconfigurations>
        <columndescriptor special="true" displayname="Count" name="Count" id="count">
          <aggregationtype aggregationtypeid="Max" />
          <column forcevisible="false" hidden="false" width="65" tooltip="The number of times this Business Transaction occurred" index="-1" sort="None" />
        </columndescriptor>
        <columndescriptor special="true" displayname="Count per day" name="Count per day" id="countPerDay">
          <aggregationtype aggregationtypeid="Max" />
          <column forcevisible="false" hidden="true" width="65" tooltip="The number of times this Business Transaction occurred, normalized to a one-day period" index="-1" sort="None" />
        </columndescriptor>
        <columndescriptor special="true" displayname="Incidents" name="Incidents" id="incidents">
          <aggregationtype aggregationtypeid="Max" />
          <column forcevisible="false" hidden="true" width="65" tooltip="The number of Business Transactions which triggered incidents" index="-1" sort="None" />
        </columndescriptor>
        <columndescriptor special="true" displayname="Incidents per day" name="Incidents per day" id="incidentsPerDay">
          <aggregationtype aggregationtypeid="Max" />
          <column forcevisible="false" hidden="true" width="65" tooltip="The number Business Transactions which triggered incidents, normalized to a one-day period" index="-1" sort="None" />
        </columndescriptor>
        <columndescriptor special="true" displayname="Incident rate [%]" name="Incident rate [%]" id="incidentRate">
          <aggregationtype aggregationtypeid="Max" />
          <column forcevisible="false" hidden="false" width="65" tooltip="The number of Business Transactions which triggered incidents, in relation to the number of times this Business Transaction occurred" index="-1" sort="None" />
        </columndescriptor>
        <columndescriptor special="true" displayname="Violations" name="Violations" id="violations">
          <aggregationtype aggregationtypeid="Max" />
          <column forcevisible="false" hidden="true" width="65" tooltip="The number of violations of result measures of this Business Transaction" index="-1" sort="None" />
        </columndescriptor>
        <columndescriptor special="true" displayname="Violations per day" name="Violations per day" id="violationsPerDay">
          <aggregationtype aggregationtypeid="Max" />
          <column forcevisible="false" hidden="true" width="20" tooltip="The number of violations of result measures of this Business Transaction, normalized to a one-day period" index="-1" sort="None" />
        </columndescriptor>
        <columndescriptor special="true" displayname="Violations per Business Transaction [%]" name="Violations per Business Transaction [%]" id="violationRate">
          <aggregationtype aggregationtypeid="Max" />
          <column forcevisible="false" hidden="false" width="65" tooltip="The number of violations of result measures of this Business Transaction, in relation to the number of times this Business Transaction occurred" index="-1" sort="None" />
        </columndescriptor>
        <columndescriptor special="true" displayname="" name="" id="state">
          <aggregationtype aggregationtypeid="Max" />
          <column forcevisible="false" hidden="false" width="20" tooltip="The state (ok, warning, error) that has been detected for this Business Transaction" index="-1" sort="None" />
        </columndescriptor>
        <columndescriptor special="true" displayname="Failed %" name="Failed %" id="errorPercentage">
          <aggregationtype aggregationtypeid="Max" />
          <column forcevisible="false" hidden="false" width="65" tooltip="The percentage of errors that has been detected for this Business Transaction" index="-1" sort="None" />
        </columndescriptor>
        <columndescriptor special="false" name="PurePath Response Time">
          <aggregationtype aggregationtypeid="Sum" />
          <column forcevisible="false" hidden="true" width="20" index="-1" sort="None" />
        </columndescriptor>
        <columndescriptor special="false" name="PurePath Response Time">
          <aggregationtype aggregationtypeid="Avg" />
          <column forcevisible="false" hidden="true" width="132" index="-1" sort="Down" />
        </columndescriptor>
        <columndescriptor special="false" name="PurePath Response Time">
          <aggregationtype aggregationtypeid="Max" />
          <column forcevisible="false" hidden="false" width="123" index="-1" sort="Down" />
        </columndescriptor>
        <aggregationtype aggregationtypeid="Avg" />
        <aggregationtype aggregationtypeid="Max" />
        <aggregationtype aggregationtypeid="Sum" />
        <expandednodes>
          <expandednode expandednode="easyTravel Trip Search by User" />
        </expandednodes>
      </datamodelconfig>
      <descriptors>
        <timeframetabledescriptor enabled="false">
          <timeframe type="Last 7d" />
        </timeframetabledescriptor>
        <timeframetabledescriptor enabled="false">
          <timeframe type="Last Month" />
        </timeframetabledescriptor>
        <timeframetabledescriptor enabled="false">
          <timeframe type="Last Year" />
        </timeframetabledescriptor>
      </descriptors>
      <ccontent enabled="both" ratio="0.36" />
    </portletconfig>
    <portletconfig showabsolutevalues="false" usedashboardsourceforcompare="true" usespecificautorefresh="false" sessiontype="live" lastvalue="false" icon="com.dynatrace.diagnostics.sdk/default.gif" description="" locationascomparesource="false" sessionid="easyTravel" usedashboardsource="true" folderid="org.eclipse.ui.internal.ViewStack@8ceb8f" locationassource="true" addfilterinfo="false" name="Booking SLA Compliance" ismaster="false" typeid="com.dynatrace.diagnostics.portlets.chart.Chart" id="005c7773-b699-4c51-a0a6-1c4f2a0f4bc8">
      <reportconfig print.images="true" lines.per.table="100" override="false" optimizeequalcolumns="true" print.legends="true" reportposition="15" enabled="true" levels.per.tree="10" />
      <filter>
        <criterion mode="all" type="agents" completepurepath="true">
          <textpattern name="agentname" type="contains" enabled="true" />
          <textpattern name="agenthost" type="contains" enabled="true" />
        </criterion>
        <criterion mode="all" type="applications" />
        <criterion type="btm" />
        <criterion mode="all" type="hosts" completepurepath="true" />
        <criterion type="timeframe">
          <timeframe type="Last 30min" />
        </criterion>
        <criterion useendtimefortimeframefilter="false" type="visits">
          <visitidset />
        </criterion>
        <inheritancemap />
      </filter>
      <autorefreshconfig unit="MINUTES" time="5" enabled="true" />
      <sashconfig displayoption="CHART" weights="500,500" />
      <datamodelconfig>
        <chart axis.x.title="" axis.y.title.show="true" showtooltips="true" bounds.y.enabled="false" showvalues="false" showtitle="false" logxaxis="false" title="" resolution="Auto" axis.x.show="true" maxsplitcharts="10" showname="true" maxdisplayitems="10" zoomable="true" charttype="TrafficLightChart" aggregation.absolute="false" showheatfield="true" axis.y.show="true" isentitymarkable="false" orientation="Horizontal" yaxisalignment="0" legendposition="Bottom" axis.x.title.show="true" axis.y.title="" splitcharts="true" limititems="false" showlegend="false" lockyaxis="true" showlabels="true">
          <legendcomposition agent="true" measure="true" host="true">
            <pielabelcomposition agent="true" measure="true" host="true" value="true" />
          </legendcomposition>
          <chartsource systemid="easyTravel" sourcecolor="RGB(192,0,128,255)" dynamicconfig="false" fetchthreshold="true" scale="0" sessionid="easyTravel" groupingcriterion="" colorinheritancemode="parent" aggregationtype="Max" rate="10s" sourcetype="MEASURE" id="86fcad1f-c037-4f66-a2f3-978a8c2bd7ec" ratesupported="true" displayrate="10s" visible="true" autounit="false" sessiontype="live" fetch.dynamic.measures="false" autoscale="false" measuretype="TransactionMeasure" fetchbaseline="false" unit="ms" name="easyTravel Bookings - PurePath Response Time" groupingvalue="" overridesource="true" fetchmeasurecolor="false" position="1" uiunit="ms">
            <lightweightuniquemeasureidentifier systemid="easyTravel" application="" parentkeyid="easyTravel Bookings (PurePath Response Time;PurePaths;PurePath Response Time)" agentname="" metricsimpledisplayname="" agenthost="" metrickeyid="Value" keyid="easyTravel Bookings (PurePath Response Time;PurePaths;PurePath Response Time)" metricgroupkey="Business Transaction Results" collector="" measuretype="TransactionMeasure" />
            <displaysourceinfo measureunit="ms" agentname="" agenthost="" agentgroup="&lt;all-agents&gt;" transactionname="easyTravel Bookings" measurerate="purepath" />
          </chartsource>
          <splitconfig splitlayout="Horizontal" splitmode="PerSeries" />
        </chart>
        <table structuremode="measureHierarchy" sortcolumn="0" drawcolumn="-1" columnorder="0,1,2,3,4,5,6,7,8,9,10,11,12,13,14,15,16,17,18,19">
          <column forcevisible="false" hidden="false" width="232" index="0" sort="Up" />
          <column forcevisible="false" hidden="false" width="100" index="1" sort="None" />
          <column forcevisible="false" hidden="false" width="100" index="2" sort="None" />
          <column forcevisible="false" hidden="false" width="25" index="3" sort="None" />
          <column forcevisible="false" hidden="false" width="100" index="4" sort="None" />
          <column forcevisible="false" hidden="false" width="100" index="5" sort="None" />
          <column forcevisible="false" hidden="false" width="50" index="6" sort="None" />
          <column forcevisible="false" hidden="false" width="75" index="7" sort="None" />
          <column forcevisible="false" hidden="false" width="75" index="8" sort="None" />
          <column forcevisible="false" hidden="false" width="75" index="9" sort="None" />
          <column forcevisible="false" hidden="false" width="75" index="10" sort="None" />
          <column forcevisible="false" hidden="true" width="75" index="11" sort="None" />
          <column forcevisible="false" hidden="false" width="100" index="12" sort="None" />
          <column forcevisible="false" hidden="false" width="105" index="13" sort="None" />
          <column forcevisible="false" hidden="true" width="50" index="14" sort="None" />
          <column forcevisible="false" hidden="false" width="50" index="15" sort="None" />
          <column forcevisible="false" hidden="true" width="50" index="16" sort="None" />
          <column forcevisible="false" hidden="true" width="150" index="17" sort="None" />
          <column forcevisible="false" hidden="false" width="150" index="18" sort="None" />
          <column forcevisible="false" hidden="false" width="150" index="19" sort="None" />
        </table>
        <heatfieldconfig customevents="true" deploymentevents="true" smartmeasure="true" smartserver="true" filterconfirmed="false">
          <incidentrules />
        </heatfieldconfig>
      </datamodelconfig>
      <chartcolors />
    </portletconfig>
    <portletconfig usedashboardsourceforcompare="true" usespecificautorefresh="false" sessiontype="live" icon="com.dynatrace.diagnostics.sdk/default.gif" description="" locationascomparesource="false" sessionid="easyTravel" usedashboardsource="true" folderid="org.eclipse.ui.internal.ViewStack@d7022f" locationassource="true" addfilterinfo="false" name="Logins by User - last 30 min" ismaster="false" typeid="com.dynatrace.diagnostics.portlets.chart.BtHistoricalCompare" id="5119e757-8854-4a02-b8e6-32c365010eef" treestructuremode="Hierarchy">
      <reportconfig print.images="true" lines.per.table="100" override="false" optimizeequalcolumns="true" print.legends="true" reportposition="10" enabled="true" levels.per.tree="10" />
      <filter>
        <criterion mode="all" type="agents" completepurepath="true">
          <textpattern name="agentname" type="contains" enabled="true" />
          <textpattern name="agenthost" type="contains" enabled="true" />
        </criterion>
        <criterion mode="all" type="applications" />
        <criterion type="btm" />
        <criterion mode="all" type="hosts" completepurepath="true" />
        <criterion type="timeframe">
          <timeframe type="Last 30min" />
        </criterion>
        <inheritancemap>
          <inheritanceentry inherited="false" type="timeframe" />
        </inheritancemap>
      </filter>
      <autorefreshconfig unit="MINUTES" time="5" enabled="true" />
      <sashconfig displayoption="CHART_AND_TABLE" weights="1,1" />
      <datamodelconfig sortcolumn="11" columnorder="" sorttable="0" sortorder="Down">
        <chartsourceconfigurations>
          <chartsource systemid="easyTravel" visible="true" dynamicconfig="false" sessiontype="live" scale="-2147483648" sessionid="easyTravel" autoscale="true" name="easyTravel Logins by Username" overridesource="false" sourcetype="BUSINESS_TRANSACTION" id="8ccdd854-f489-4ea6-9736-587ad8e4a428" position="2" displayrate="10s">
            <businesstransaction groupingconstant1="BTSP1" transactionconfigkeyid="easyTravel Logins by Username" parentconfigurationid="d777b26a-e4b9-45bd-b45b-9f188c722142">
              <sessionreference systemid="easyTravel" datastarttime="-1" techtypes="0" latestmodification="-1" lastmodifiedby="" type="live" />
              <childsourceconfigs>
                <chartsource systemid="easyTravel" sourcecolor="RGB(0,0,0,255)" dynamicconfig="false" fetchthreshold="false" scale="-2147483648" sessionid="easyTravel" groupingcriterion="" colorinheritancemode="parent" aggregationtype="Sum" rate="10s" sourcetype="MEASURE" id="c113f945-477c-43e5-a13b-036bc9e3fd50" ratesupported="true" displayrate="10s" visible="false" sessiontype="live" fetch.dynamic.measures="true" autoscale="true" measuretype="TransactionMeasure" fetchbaseline="false" name="easyTravel Logins by Username" groupingvalue="" overridesource="false" fetchmeasurecolor="false" position="-1" uiunit="auto">
                  <lightweightuniquemeasureidentifier systemid="easyTravel" application="" parentkeyid="easyTravel Logins by Username" agentname="" agenthost="" metrickeyid="Value" keyid="easyTravel Logins by Username" metricgroupkey="Business Transaction Results" collector="" measuretype="TransactionMeasure" />
                  <displaysourceinfo />
                </chartsource>
                <chartsource systemid="easyTravel" sourcecolor="RGB(0,0,0,255)" dynamicconfig="false" fetchthreshold="false" scale="-2147483648" sessionid="easyTravel" groupingcriterion="" colorinheritancemode="parent" aggregationtype="Count" rate="10s" sourcetype="MEASURE" id="098adba8-0d63-482a-b63a-fb91e4915d81" ratesupported="true" displayrate="10s" visible="true" sessiontype="live" fetch.dynamic.measures="true" autoscale="true" measuretype="TransactionMeasure" fetchbaseline="false" name="easyTravel Logins by Username" groupingvalue="" overridesource="false" fetchmeasurecolor="false" position="-1" uiunit="auto">
                  <lightweightuniquemeasureidentifier systemid="easyTravel" application="" parentkeyid="easyTravel Logins by Username" agentname="" agenthost="" metrickeyid="Value" keyid="easyTravel Logins by Username" metricgroupkey="Business Transaction Results" collector="" measuretype="TransactionMeasure" />
                  <displaysourceinfo />
                </chartsource>
                <chartsource systemid="easyTravel" sourcecolor="RGB(0,0,0,255)" dynamicconfig="false" fetchthreshold="false" scale="-2147483648" sessionid="easyTravel" groupingcriterion="" colorinheritancemode="parent" aggregationtype="Avg" rate="10s" sourcetype="MEASURE" id="5bdeca9e-7d17-4356-b57d-1bb88b28d219" ratesupported="true" displayrate="10s" visible="false" sessiontype="live" fetch.dynamic.measures="true" autoscale="true" measuretype="TransactionMeasure" fetchbaseline="false" name="easyTravel Logins by Username" groupingvalue="" overridesource="false" fetchmeasurecolor="false" position="-1" uiunit="auto">
                  <lightweightuniquemeasureidentifier systemid="easyTravel" application="" parentkeyid="easyTravel Logins by Username" agentname="" agenthost="" metrickeyid="Value" keyid="easyTravel Logins by Username" metricgroupkey="Business Transaction Results" collector="" measuretype="TransactionMeasure" />
                  <displaysourceinfo />
                </chartsource>
                <chartsource systemid="easyTravel" sourcecolor="RGB(0,0,0,255)" dynamicconfig="false" fetchthreshold="false" scale="-2147483648" sessionid="easyTravel" groupingcriterion="" colorinheritancemode="parent" aggregationtype="Max" rate="10s" sourcetype="MEASURE" id="385bd286-3887-422b-b12c-6d7149c512a2" ratesupported="true" displayrate="10s" visible="true" sessiontype="live" fetch.dynamic.measures="true" autoscale="true" measuretype="TransactionMeasure" fetchbaseline="false" name="easyTravel Logins by Username" groupingvalue="" overridesource="false" fetchmeasurecolor="false" position="-1" uiunit="auto">
                  <lightweightuniquemeasureidentifier systemid="easyTravel" application="" parentkeyid="easyTravel Logins by Username" agentname="" agenthost="" metrickeyid="Value" keyid="easyTravel Logins by Username" metricgroupkey="Business Transaction Results" collector="" measuretype="TransactionMeasure" />
                  <displaysourceinfo />
                </chartsource>
              </childsourceconfigs>
            </businesstransaction>
          </chartsource>
        </chartsourceconfigurations>
        <columndescriptor special="true" displayname="Count" name="Count" id="count">
          <aggregationtype aggregationtypeid="Max" />
          <column forcevisible="false" hidden="false" width="65" tooltip="The number of times this Business Transaction occurred" index="-1" sort="None" />
        </columndescriptor>
        <columndescriptor special="true" displayname="Count per day" name="Count per day" id="countPerDay">
          <aggregationtype aggregationtypeid="Max" />
          <column forcevisible="false" hidden="true" width="65" tooltip="The number of times this Business Transaction occurred, normalized to a one-day period" index="-1" sort="None" />
        </columndescriptor>
        <columndescriptor special="true" displayname="Incidents" name="Incidents" id="incidents">
          <aggregationtype aggregationtypeid="Max" />
          <column forcevisible="false" hidden="true" width="65" tooltip="The number of Business Transactions which triggered incidents" index="-1" sort="None" />
        </columndescriptor>
        <columndescriptor special="true" displayname="Incidents per day" name="Incidents per day" id="incidentsPerDay">
          <aggregationtype aggregationtypeid="Max" />
          <column forcevisible="false" hidden="true" width="65" tooltip="The number Business Transactions which triggered incidents, normalized to a one-day period" index="-1" sort="None" />
        </columndescriptor>
        <columndescriptor special="true" displayname="Incident rate [%]" name="Incident rate [%]" id="incidentRate">
          <aggregationtype aggregationtypeid="Max" />
          <column forcevisible="false" hidden="false" width="65" tooltip="The number of Business Transactions which triggered incidents, in relation to the number of times this Business Transaction occurred" index="-1" sort="None" />
        </columndescriptor>
        <columndescriptor special="true" displayname="Violations" name="Violations" id="violations">
          <aggregationtype aggregationtypeid="Max" />
          <column forcevisible="false" hidden="true" width="65" tooltip="The number of violations of result measures of this Business Transaction" index="-1" sort="None" />
        </columndescriptor>
        <columndescriptor special="true" displayname="Violations per day" name="Violations per day" id="violationsPerDay">
          <aggregationtype aggregationtypeid="Max" />
          <column forcevisible="false" hidden="true" width="20" tooltip="The number of violations of result measures of this Business Transaction, normalized to a one-day period" index="-1" sort="None" />
        </columndescriptor>
        <columndescriptor special="true" displayname="Violations per Business Transaction [%]" name="Violations per Business Transaction [%]" id="violationRate">
          <aggregationtype aggregationtypeid="Max" />
          <column forcevisible="false" hidden="false" width="65" tooltip="The number of violations of result measures of this Business Transaction, in relation to the number of times this Business Transaction occurred" index="-1" sort="None" />
        </columndescriptor>
        <columndescriptor special="true" displayname="" name="" id="state">
          <aggregationtype aggregationtypeid="Max" />
          <column forcevisible="false" hidden="false" width="20" tooltip="The state (ok, warning, error) that has been detected for this Business Transaction" index="-1" sort="None" />
        </columndescriptor>
        <columndescriptor special="true" displayname="Failed %" name="Failed %" id="errorPercentage">
          <aggregationtype aggregationtypeid="Max" />
          <column forcevisible="false" hidden="false" width="65" tooltip="The percentage of errors that has been detected for this Business Transaction" index="-1" sort="None" />
        </columndescriptor>
        <columndescriptor special="false" name="PurePath Response Time">
          <aggregationtype aggregationtypeid="Sum" />
          <column forcevisible="false" hidden="true" width="20" index="-1" sort="None" />
        </columndescriptor>
        <columndescriptor special="false" name="PurePath Response Time">
          <aggregationtype aggregationtypeid="Avg" />
          <column forcevisible="false" hidden="true" width="132" index="-1" sort="Down" />
        </columndescriptor>
        <columndescriptor special="false" name="PurePath Response Time">
          <aggregationtype aggregationtypeid="Max" />
          <column forcevisible="false" hidden="false" width="128" index="-1" sort="Down" />
        </columndescriptor>
        <aggregationtype aggregationtypeid="Avg" />
        <aggregationtype aggregationtypeid="Max" />
        <aggregationtype aggregationtypeid="Sum" />
        <expandednodes>
          <expandednode expandednode="easyTravel Logins by Username" />
        </expandednodes>
      </datamodelconfig>
      <descriptors>
        <timeframetabledescriptor enabled="false">
          <timeframe type="Last 7d" />
        </timeframetabledescriptor>
        <timeframetabledescriptor enabled="false">
          <timeframe type="Last Month" />
        </timeframetabledescriptor>
        <timeframetabledescriptor enabled="false">
          <timeframe type="Last Year" />
        </timeframetabledescriptor>
      </descriptors>
      <ccontent enabled="both" ratio="0.363" />
    </portletconfig>
    <portletconfig showabsolutevalues="false" usedashboardsourceforcompare="true" usespecificautorefresh="false" sessiontype="live" lastvalue="false" icon="com.dynatrace.diagnostics.sdk/chart_cust.png" description="" locationascomparesource="false" sessionid="easyTravel" usedashboardsource="true" folderid="org.eclipse.ui.internal.ViewStack@ed31ab" locationassource="true" addfilterinfo="false" name="User Login Response Time" ismaster="false" typeid="com.dynatrace.diagnostics.portlets.chart.Chart" id="75a287cc-7078-47d2-b42f-a79f85e6ecd8">
      <reportconfig print.images="true" lines.per.table="100" override="false" optimizeequalcolumns="true" print.legends="true" reportposition="7" enabled="true" levels.per.tree="10" />
      <filter>
        <criterion mode="all" type="agents" completepurepath="true">
          <textpattern name="agentname" type="contains" enabled="true" />
          <textpattern name="agenthost" type="contains" enabled="true" />
        </criterion>
        <criterion mode="all" type="applications" />
        <criterion type="btm" />
        <criterion mode="all" type="hosts" completepurepath="true" />
        <criterion type="timeframe">
          <timeframe type="Last 30min" />
        </criterion>
        <criterion useendtimefortimeframefilter="false" type="visits">
          <visitidset />
        </criterion>
        <inheritancemap />
      </filter>
      <autorefreshconfig unit="MINUTES" time="5" enabled="true" />
      <sashconfig displayoption="CHART" weights="500,500" />
      <datamodelconfig>
        <chart axis.x.title="" axis.y.title.show="false" showtooltips="true" bounds.y.enabled="false" showvalues="false" showtitle="false" logxaxis="false" title="" resolution="Auto" axis.x.show="true" maxsplitcharts="10" showname="true" maxdisplayitems="10" zoomable="true" charttype="AreaChart" aggregation.absolute="false" showheatfield="false" axis.y.show="true" isentitymarkable="false" orientation="Horizontal" yaxisalignment="0" legendposition="Bottom" axis.x.title.show="false" axis.y.title="" splitcharts="false" limititems="false" showlegend="false" lockyaxis="true" showlabels="true">
          <legendcomposition measure="true">
            <pielabelcomposition measure="true" value="true" />
          </legendcomposition>
          <chartsource systemid="easyTravel" sourcecolor="RGB(71,209,193,255)" dynamicconfig="false" fetchthreshold="true" scale="0" sessionid="easyTravel" groupingcriterion="" colorinheritancemode="parent" aggregationtype="Max" rate="10s" sourcetype="MEASURE" id="2680a3dd-446d-44f1-8ff5-55b074d29336" ratesupported="true" displayrate="10s" visible="true" autounit="false" sessiontype="live" fetch.dynamic.measures="false" autoscale="false" measuretype="TransactionMeasure" fetchbaseline="false" unit="ms" name="easyTravel Logins" groupingvalue="" overridesource="true" fetchmeasurecolor="false" position="1" uiunit="ms">
            <lightweightuniquemeasureidentifier systemid="easyTravel" application="" parentkeyid="easyTravel Logins" agentname="" metricsimpledisplayname="" agenthost="" metrickeyid="Value" keyid="easyTravel Logins" metricgroupkey="Business Transaction Results" collector="" measuretype="TransactionMeasure" />
            <displaysourceinfo measureunit="ms" agentname="" agenthost="" agentgroup="&lt;all-agents&gt;" transactionname="easyTravel Logins" measurerate="purepath" />
          </chartsource>
          <splitconfig splitlayout="Horizontal" splitmode="PerSeries" />
        </chart>
        <table structuremode="measureHierarchy" sortcolumn="0" drawcolumn="-1" columnorder="0,1,2,3,4,5,6,7,8,9,10,11,12,13,14,15,16,17,18,19">
          <column forcevisible="false" hidden="false" width="150" index="0" sort="Up" />
          <column forcevisible="false" hidden="false" width="100" index="1" sort="None" />
          <column forcevisible="false" hidden="false" width="100" index="2" sort="None" />
          <column forcevisible="false" hidden="false" width="25" index="3" sort="None" />
          <column forcevisible="false" hidden="false" width="100" index="4" sort="None" />
          <column forcevisible="false" hidden="false" width="100" index="5" sort="None" />
          <column forcevisible="false" hidden="false" width="50" index="6" sort="None" />
          <column forcevisible="false" hidden="false" width="75" index="7" sort="None" />
          <column forcevisible="false" hidden="false" width="75" index="8" sort="None" />
          <column forcevisible="false" hidden="false" width="75" index="9" sort="None" />
          <column forcevisible="false" hidden="false" width="75" index="10" sort="None" />
          <column forcevisible="false" hidden="true" width="75" index="11" sort="None" />
          <column forcevisible="false" hidden="false" width="100" index="12" sort="None" />
          <column forcevisible="false" hidden="false" width="105" index="13" sort="None" />
          <column forcevisible="false" hidden="true" width="50" index="14" sort="None" />
          <column forcevisible="false" hidden="false" width="50" index="15" sort="None" />
          <column forcevisible="false" hidden="true" width="50" index="16" sort="None" />
          <column forcevisible="false" hidden="true" width="150" index="17" sort="None" />
          <column forcevisible="false" hidden="false" width="150" index="18" sort="None" />
          <column forcevisible="false" hidden="false" width="150" index="19" sort="None" />
        </table>
        <heatfieldconfig customevents="true" deploymentevents="true" smartmeasure="true" smartserver="true" filterconfirmed="false">
          <incidentrules />
        </heatfieldconfig>
      </datamodelconfig>
      <chartcolors threshold_warning_color="RGB(0,128,64,255)" threshold_severe_color="RGB(64,128,128,255)" />
    </portletconfig>
  </dashboardconfig>
</dynatrace>
