<?xml version="1.0" encoding="UTF-8"?>
<!-- ATTENTION - THIS IS AN AUTOMATICALLY GENERATED FILE -->
<!-- Manual changes can cause severe problems and system instability -->
<!-- Apply manual changes only if you have received explicit instructions from Dynatrace Support -->
<dynatrace version="6.5.0.1289" date="12/22/16 12:48 PM">
  <dashboardconfig memento.version="6.5.0.1289" suppresssavewarning="false" created="2011-06-03T01:18:03-0500" sessiontype="live" icon="com.dynatrace.diagnostics.portlets/icons/transaction.gif" description="Take care opf your landing pages. They are the entry to your application" modifiedbyname="dominik.stadler" locationascomparesource="false" sessionid="easyTravel" opendrilldowninnewdashboard="true" groupname="" autoreplacesession="false" revision="00000159-27dd-1320-8a99-bb5d7642ce94" locationassource="true" localizationenabled="false" name="Landing Pages" authorname="dynaTrace" modified="2016-12-22T12:48:36-0600" id="fdc65a5e-2716-42ab-a1ea-75b09a22b392">
    <reportconfig print.images="true" formatpdf="com.dynatrace.diagnostics.report.velocity.format.pdfrenderer" orientation="portrait" description="" title="" type="HTML" enabled="true" formathtml="com.dynatrace.diagnostics.report.velocity.format.htmlrenderer" lines.per.table="100" pagesize="A4" override="false" optimizeequalcolumns="true" print.legends="true" levels.per.tree="10" />
    <filter>
      <criterion type="admfilteranalyzer" />
      <criterion mode="all" type="agents" completepurepath="true">
        <textpattern name="agentname" type="contains" enabled="true" />
        <textpattern name="agenthost" type="contains" enabled="true" />
      </criterion>
      <criterion type="and" />
      <criterion mode="all" excludeexternalsubpaths="false" type="api" />
      <criterion mode="all" type="applications" />
      <criterion type="btm" />
      <criterion type="casuemdimension" />
      <criterion type="dbdetails" />
      <criterion intervalend="0" intervalstart="0" type="dcrumdimension" filterinterval="false" />
      <criterion analyzeserverpath="true" analyzeclienterrors="false" isactive="true" analyzeenduserpath="true" type="enduserpath" />
      <criterion mode="all" type="hosts" completepurepath="true" />
      <criterion severitiesmode="all" statesmode="all" type="incident" rulesmode="all" severities="" states="" />
      <criterion type="or" />
      <criterion mode="all" enduser="false" type="purepaths" />
      <criterion includemeasurename="true" includeplatform="true" includetestname="true" teststatus="FAILED,INVALIDATED,VOLATILE,DEGRADED,IMPROVED,MISSING,passed" type="tests" testcategory="UNIT,BROWSER_TIMER,BROWSER_AUTO_TIMER,PERFORMANCE,LOAD,WEB_API,EXTERNAL" />
      <criterion includeplatform="true" type="testsoverview" />
      <criterion type="threads" enabled="false" filterbyid="false" />
      <criterion type="timeframe">
        <timeframe start="0" end="9223372036854775807" type="Auto" />
      </criterion>
      <criterion useendtimefortimeframefilter="false" type="visits">
        <visitidset />
      </criterion>
      <criterion type="webpage">
        <textpattern name="timerName" type="contains" enabled="true" />
        <textpattern name="pageContext" type="contains" enabled="true" />
      </criterion>
      <criterion type="webrequest">
        <filteruripattern>
          <stringmatchpattern match="contains" text="" />
        </filteruripattern>
        <filterquerypattern>
          <stringmatchpattern match="contains" text="" />
        </filterquerypattern>
      </criterion>
    </filter>
    <autorefreshconfig unit="MINUTES" time="5" enabled="false" />
    <designconfig autoscroll="false" namefontsize="12" descriptionshow="true" headertype="CUSTOM" nameshow="true" descriptionfontstyle="NORMAL" namealignment="LEFT" namefontstyle="BOLD" descriptionfontsize="10" clienttheme="DEFAULT" descriptionfontcolor="128,128,128" descriptionalignment="LEFT" autoadjustfontsizes="false" />
    <dashboardlayout>
      <portletfolder selectionindex="0" relationtype="LEFT" portletconfigorder="a9e89495-147a-4456-a7bf-083e87d70ba1" folderid="04d0a977-ad8c-46b1-8971-72f7439c5a74" relatedfolderid="DashboardLayout.blankArea" ratio="0.95">
        <designconfig namefontsize="10" descriptionshow="true" headertype="DEFAULT" nameshow="true" descriptionfontstyle="NORMAL" namealignment="CENTER" namefontstyle="BOLD" descriptionfontsize="8" inherited="true" descriptionfontcolor="128,128,128" descriptionalignment="CENTER" />
      </portletfolder>
    </dashboardlayout>
    <portletconfig usedashboardsourceforcompare="true" usespecificautorefresh="false" sessiontype="live" icon="com.dynatrace.diagnostics.sdk/default.gif" description="Take care of your Landing Pages. They are the entry to your application. See at which Landing Pages you are slower than your competitors or at which Landing Pages you have a lot of bounces. Sort your Landing Pages to find out, where most of your visits land or which have the best conversion.&#xD;&#xA;" locationascomparesource="false" sessionid="easyTravel" usedashboardsource="true" folderid="04d0a977-ad8c-46b1-8971-72f7439c5a74" locationassource="true" addfilterinfo="false" name="Landing Pages" ismaster="false" typeid="com.dynatrace.diagnostics.portlets.chart.BtHistoricalCompare" id="a9e89495-147a-4456-a7bf-083e87d70ba1" treestructuremode="Hierarchy">
      <reportconfig print.images="true" lines.per.table="100" override="false" optimizeequalcolumns="true" print.legends="true" reportposition="1" enabled="true" levels.per.tree="10" />
      <filter>
        <criterion mode="all" type="agents" completepurepath="true">
          <textpattern name="agentname" type="contains" enabled="true" />
          <textpattern name="agenthost" type="contains" enabled="true" />
        </criterion>
        <criterion mode="all" type="applications" />
        <criterion type="btm" />
        <criterion mode="all" type="hosts" completepurepath="true" />
        <criterion type="timeframe">
          <timeframe start="0" end="9223372036854775807" type="Auto" />
        </criterion>
        <inheritancemap />
      </filter>
      <autorefreshconfig unit="MINUTES" time="5" enabled="false" />
      <sashconfig displayoption="CHART_AND_TABLE" weights="1,1" />
      <datamodelconfig sortcolumn="0" columnorder="0,1,2,3,4,5,6,7,8,9,10,11,13,24,12,14,22,15,16,17,18,19,20,21,23" sorttable="0" sortorder="Up">
        <chartsourceconfigurations>
          <chartsource systemid="easyTravel" visible="true" dynamicconfig="false" sessiontype="live" scale="-2147483648" sessionid="easyTravel" autoscale="true" name="Visits by Landing Pages" overridesource="false" sourcetype="BUSINESS_TRANSACTION" id="4c5c6395-1f86-44e9-9334-d512d14c8591" position="1" displayrate="10s">
            <businesstransaction groupingconstant1="BTSP1" transactionconfigkeyid="Visits by Landing Pages" parentconfigurationid="ab9a0d2f-0222-4cce-bf46-6e4aaf017320">
              <sessionreference systemid="easyTravel" datastarttime="-1" techtypes="31" latestmodification="-1" lastmodifiedby="" type="live" />
              <childsourceconfigs>
                <chartsource systemid="easyTravel" sourcecolor="RGB(0,0,0,255)" dynamicconfig="false" fetchthreshold="false" scale="-2147483648" sessionid="easyTravel" colorinheritancemode="parent" aggregationtype="Sum" rate="10s" sourcetype="MEASURE" id="ed0c11f5-bdf2-4f25-aadd-34aa83988f2c" ratesupported="true" displayrate="10s" visible="true" sessiontype="live" fetch.dynamic.measures="true" autoscale="true" measuretype="TransactionMeasure" fetchbaseline="false" name="Visits by Landing Pages (Bounce Rate;Visits;Bounce Count)" groupingvalue="" overridesource="false" fetchmeasurecolor="false" position="-1" uiunit="auto">
                  <lightweightuniquemeasureidentifier systemid="easyTravel" application="" parentkeyid="Visits by Landing Pages (Bounce Rate;Visits;Bounce Count)" agentname="" agenthost="" metrickeyid="Value" keyid="Visits by Landing Pages (Bounce Rate;Visits;Bounce Count)" metricgroupkey="Business Transaction Results" collector="" measuretype="TransactionMeasure" />
                  <displaysourceinfo />
                </chartsource>
                <chartsource systemid="easyTravel" sourcecolor="RGB(0,0,0,255)" dynamicconfig="false" fetchthreshold="false" scale="-2147483648" sessionid="easyTravel" colorinheritancemode="parent" aggregationtype="Count" rate="10s" sourcetype="MEASURE" id="e4b09138-867c-4620-b74c-2bd93745b1b5" ratesupported="true" displayrate="10s" visible="true" sessiontype="live" fetch.dynamic.measures="true" autoscale="true" measuretype="TransactionMeasure" fetchbaseline="false" name="Visits by Landing Pages (Bounce Rate;Visits;Bounce Count)" groupingvalue="" overridesource="false" fetchmeasurecolor="false" position="-1" uiunit="auto">
                  <lightweightuniquemeasureidentifier systemid="easyTravel" application="" parentkeyid="Visits by Landing Pages (Bounce Rate;Visits;Bounce Count)" agentname="" agenthost="" metrickeyid="Value" keyid="Visits by Landing Pages (Bounce Rate;Visits;Bounce Count)" metricgroupkey="Business Transaction Results" collector="" measuretype="TransactionMeasure" />
                  <displaysourceinfo />
                </chartsource>
                <chartsource systemid="easyTravel" sourcecolor="RGB(0,0,0,255)" dynamicconfig="false" fetchthreshold="false" scale="-2147483648" sessionid="easyTravel" colorinheritancemode="parent" aggregationtype="Avg" rate="10s" sourcetype="MEASURE" id="58a87cd0-e127-4695-848e-26f39f0c506a" ratesupported="true" displayrate="10s" visible="true" sessiontype="live" fetch.dynamic.measures="true" autoscale="true" measuretype="TransactionMeasure" fetchbaseline="false" name="Visits by Landing Pages (Bounce Rate;Visits;Bounce Count)" groupingvalue="" overridesource="false" fetchmeasurecolor="false" position="-1" uiunit="auto">
                  <lightweightuniquemeasureidentifier systemid="easyTravel" application="" parentkeyid="Visits by Landing Pages (Bounce Rate;Visits;Bounce Count)" agentname="" agenthost="" metrickeyid="Value" keyid="Visits by Landing Pages (Bounce Rate;Visits;Bounce Count)" metricgroupkey="Business Transaction Results" collector="" measuretype="TransactionMeasure" />
                  <displaysourceinfo />
                </chartsource>
                <chartsource systemid="easyTravel" sourcecolor="RGB(0,0,0,255)" dynamicconfig="false" fetchthreshold="false" scale="-2147483648" sessionid="easyTravel" colorinheritancemode="parent" aggregationtype="Sum" rate="10s" sourcetype="MEASURE" id="6ba6fcd1-bd4f-4317-81e9-579fbbd2afda" ratesupported="true" displayrate="10s" visible="true" sessiontype="live" fetch.dynamic.measures="true" autoscale="true" measuretype="TransactionMeasure" fetchbaseline="false" name="Visits by Landing Pages (Conversion Rate;Visits;Conversion Count)" groupingvalue="" overridesource="false" fetchmeasurecolor="false" position="-1" uiunit="auto">
                  <lightweightuniquemeasureidentifier systemid="easyTravel" application="" parentkeyid="Visits by Landing Pages (Conversion Rate;Visits;Conversion Count)" agentname="" agenthost="" metrickeyid="Value" keyid="Visits by Landing Pages (Conversion Rate;Visits;Conversion Count)" metricgroupkey="Business Transaction Results" collector="" measuretype="TransactionMeasure" />
                  <displaysourceinfo />
                </chartsource>
                <chartsource systemid="easyTravel" sourcecolor="RGB(0,0,0,255)" dynamicconfig="false" fetchthreshold="false" scale="-2147483648" sessionid="easyTravel" colorinheritancemode="parent" aggregationtype="Count" rate="10s" sourcetype="MEASURE" id="39c8d58f-2032-49d1-b614-813ff1baf68f" ratesupported="true" displayrate="10s" visible="true" sessiontype="live" fetch.dynamic.measures="true" autoscale="true" measuretype="TransactionMeasure" fetchbaseline="false" name="Visits by Landing Pages (Conversion Rate;Visits;Conversion Count)" groupingvalue="" overridesource="false" fetchmeasurecolor="false" position="-1" uiunit="auto">
                  <lightweightuniquemeasureidentifier systemid="easyTravel" application="" parentkeyid="Visits by Landing Pages (Conversion Rate;Visits;Conversion Count)" agentname="" agenthost="" metrickeyid="Value" keyid="Visits by Landing Pages (Conversion Rate;Visits;Conversion Count)" metricgroupkey="Business Transaction Results" collector="" measuretype="TransactionMeasure" />
                  <displaysourceinfo />
                </chartsource>
                <chartsource systemid="easyTravel" sourcecolor="RGB(0,0,0,255)" dynamicconfig="false" fetchthreshold="false" scale="-2147483648" sessionid="easyTravel" colorinheritancemode="parent" aggregationtype="Avg" rate="10s" sourcetype="MEASURE" id="618a9618-527c-4b48-996f-ccc521d05c90" ratesupported="true" displayrate="10s" visible="true" sessiontype="live" fetch.dynamic.measures="true" autoscale="true" measuretype="TransactionMeasure" fetchbaseline="false" name="Visits by Landing Pages (Conversion Rate;Visits;Conversion Count)" groupingvalue="" overridesource="false" fetchmeasurecolor="false" position="-1" uiunit="auto">
                  <lightweightuniquemeasureidentifier systemid="easyTravel" application="" parentkeyid="Visits by Landing Pages (Conversion Rate;Visits;Conversion Count)" agentname="" agenthost="" metrickeyid="Value" keyid="Visits by Landing Pages (Conversion Rate;Visits;Conversion Count)" metricgroupkey="Business Transaction Results" collector="" measuretype="TransactionMeasure" />
                  <displaysourceinfo />
                </chartsource>
                <chartsource systemid="easyTravel" sourcecolor="RGB(0,0,0,255)" dynamicconfig="false" fetchthreshold="false" scale="-2147483648" sessionid="easyTravel" colorinheritancemode="parent" aggregationtype="Sum" rate="10s" sourcetype="MEASURE" id="90a8e5ef-3a2b-43a4-ab88-ae9550935d70" ratesupported="true" displayrate="10s" visible="true" sessiontype="live" fetch.dynamic.measures="true" autoscale="true" measuretype="TransactionMeasure" fetchbaseline="false" name="Visits by Landing Pages (Load Time;Page Actions;Total Time)" groupingvalue="" overridesource="false" fetchmeasurecolor="false" position="-1" uiunit="auto">
                  <lightweightuniquemeasureidentifier systemid="easyTravel" application="" parentkeyid="Visits by Landing Pages (Load Time;Page Actions;Total Time)" agentname="" agenthost="" metrickeyid="Value" keyid="Visits by Landing Pages (Load Time;Page Actions;Total Time)" metricgroupkey="Business Transaction Results" collector="" measuretype="TransactionMeasure" />
                  <displaysourceinfo />
                </chartsource>
                <chartsource systemid="easyTravel" sourcecolor="RGB(0,0,0,255)" dynamicconfig="false" fetchthreshold="false" scale="-2147483648" sessionid="easyTravel" colorinheritancemode="parent" aggregationtype="Count" rate="10s" sourcetype="MEASURE" id="69054a8b-da86-4876-9e9d-513ca2ada146" ratesupported="true" displayrate="10s" visible="true" sessiontype="live" fetch.dynamic.measures="true" autoscale="true" measuretype="TransactionMeasure" fetchbaseline="false" name="Visits by Landing Pages (Load Time;Page Actions;Total Time)" groupingvalue="" overridesource="false" fetchmeasurecolor="false" position="-1" uiunit="auto">
                  <lightweightuniquemeasureidentifier systemid="easyTravel" application="" parentkeyid="Visits by Landing Pages (Load Time;Page Actions;Total Time)" agentname="" agenthost="" metrickeyid="Value" keyid="Visits by Landing Pages (Load Time;Page Actions;Total Time)" metricgroupkey="Business Transaction Results" collector="" measuretype="TransactionMeasure" />
                  <displaysourceinfo />
                </chartsource>
                <chartsource systemid="easyTravel" sourcecolor="RGB(0,0,0,255)" dynamicconfig="false" fetchthreshold="false" scale="-2147483648" sessionid="easyTravel" colorinheritancemode="parent" aggregationtype="Avg" rate="10s" sourcetype="MEASURE" id="dac5d1dd-e9aa-4e94-a7e8-2808fa2dd911" ratesupported="true" displayrate="10s" visible="true" sessiontype="live" fetch.dynamic.measures="true" autoscale="true" measuretype="TransactionMeasure" fetchbaseline="false" name="Visits by Landing Pages (Load Time;Page Actions;Total Time)" groupingvalue="" overridesource="false" fetchmeasurecolor="false" position="-1" uiunit="auto">
                  <lightweightuniquemeasureidentifier systemid="easyTravel" application="" parentkeyid="Visits by Landing Pages (Load Time;Page Actions;Total Time)" agentname="" agenthost="" metrickeyid="Value" keyid="Visits by Landing Pages (Load Time;Page Actions;Total Time)" metricgroupkey="Business Transaction Results" collector="" measuretype="TransactionMeasure" />
                  <displaysourceinfo />
                </chartsource>
              </childsourceconfigs>
            </businesstransaction>
          </chartsource>
        </chartsourceconfigurations>
        <columndescriptor special="true" displayname="Count" name="Count" id="count">
          <aggregationtype aggregationtypeid="Max" />
          <column forcevisible="false" hidden="false" width="65" tooltip="The number of times this Business Transaction occurred" index="-1" sort="None" />
        </columndescriptor>
        <columndescriptor special="true" displayname="Count per day" name="Count per day" id="countPerDay">
          <aggregationtype aggregationtypeid="Max" />
          <column forcevisible="false" hidden="true" width="65" tooltip="The number of times this Business Transaction occurred, normalized to a one-day period" index="-1" sort="None" />
        </columndescriptor>
        <columndescriptor special="true" displayname="Incidents" name="Incidents" id="incidents">
          <aggregationtype aggregationtypeid="Max" />
          <column forcevisible="false" hidden="true" width="65" tooltip="The number of Business Transactions which triggered incidents" index="-1" sort="None" />
        </columndescriptor>
        <columndescriptor special="true" displayname="Incidents per day" name="Incidents per day" id="incidentsPerDay">
          <aggregationtype aggregationtypeid="Max" />
          <column forcevisible="false" hidden="true" width="65" tooltip="The number Business Transactions which triggered incidents, normalized to a one-day period" index="-1" sort="None" />
        </columndescriptor>
        <columndescriptor special="true" displayname="Incident rate [%]" name="Incident rate [%]" id="incidentRate">
          <aggregationtype aggregationtypeid="Max" />
          <column forcevisible="false" hidden="false" width="65" tooltip="The number of Business Transactions which triggered incidents, in relation to the number of times this Business Transaction occurred" index="-1" sort="None" />
        </columndescriptor>
        <columndescriptor special="true" displayname="Violations" name="Violations" id="violations">
          <aggregationtype aggregationtypeid="Max" />
          <column forcevisible="false" hidden="true" width="65" tooltip="The number of violations of result measures of this Business Transaction" index="-1" sort="None" />
        </columndescriptor>
        <columndescriptor special="true" displayname="Violations per day" name="Violations per day" id="violationsPerDay">
          <aggregationtype aggregationtypeid="Max" />
          <column forcevisible="false" hidden="true" width="20" tooltip="The number of violations of result measures of this Business Transaction, normalized to a one-day period" index="-1" sort="None" />
        </columndescriptor>
        <columndescriptor special="true" displayname="Violations per Business Transaction [%]" name="Violations per Business Transaction [%]" id="violationRate">
          <aggregationtype aggregationtypeid="Max" />
          <column forcevisible="false" hidden="false" width="65" tooltip="The number of violations of result measures of this Business Transaction, in relation to the number of times this Business Transaction occurred" index="-1" sort="None" />
        </columndescriptor>
        <columndescriptor special="true" displayname="" name="" id="state">
          <aggregationtype aggregationtypeid="Max" />
          <column forcevisible="false" hidden="false" width="20" tooltip="The state (ok, warning, error) that has been detected for this Business Transaction" index="-1" sort="None" />
        </columndescriptor>
        <columndescriptor special="true" displayname="Failed %" name="Failed %" id="errorPercentage">
          <aggregationtype aggregationtypeid="Max" />
          <column forcevisible="false" hidden="false" width="65" tooltip="The percentage of errors that has been detected for this Business Transaction" index="-1" sort="None" />
        </columndescriptor>
        <columndescriptor special="false" name="Bounce Rate">
          <aggregationtype aggregationtypeid="Sum" />
          <column forcevisible="false" hidden="true" width="65" index="-1" sort="None" />
        </columndescriptor>
        <columndescriptor special="false" name="Bounce Rate">
          <aggregationtype aggregationtypeid="Avg" />
          <column forcevisible="false" hidden="false" width="65" index="-1" sort="None" />
        </columndescriptor>
        <columndescriptor special="false" name="Conversion Rate">
          <aggregationtype aggregationtypeid="Sum" />
          <column forcevisible="false" hidden="true" width="65" index="-1" sort="None" />
        </columndescriptor>
        <columndescriptor special="false" name="Conversion Rate">
          <aggregationtype aggregationtypeid="Avg" />
          <column forcevisible="false" hidden="false" width="65" index="-1" sort="None" />
        </columndescriptor>
        <columndescriptor special="false" name="Load Time">
          <aggregationtype aggregationtypeid="Sum" />
          <column forcevisible="false" hidden="true" width="65" index="-1" sort="None" />
        </columndescriptor>
        <columndescriptor special="false" name="Load Time">
          <aggregationtype aggregationtypeid="Avg" />
          <column forcevisible="false" hidden="false" width="65" index="-1" sort="None" />
        </columndescriptor>
        <aggregationtype aggregationtypeid="Avg" />
        <aggregationtype aggregationtypeid="Sum" />
        <expandednodes>
          <expandednode expandednode="Visits by Landing Pages" />
          <expandednode expandednode="Visits by Landing Pages (split by Landing Page of Visits)" />
        </expandednodes>
      </datamodelconfig>
      <descriptors>
        <timeframetabledescriptor enabled="false">
          <timeframe type="Last Week" />
        </timeframetabledescriptor>
        <timeframetabledescriptor enabled="false">
          <timeframe type="Last Month" />
        </timeframetabledescriptor>
        <timeframetabledescriptor enabled="false">
          <timeframe type="Last Year" />
        </timeframetabledescriptor>
      </descriptors>
      <ccontent enabled="both" ratio="0.248" />
    </portletconfig>
  </dashboardconfig>
</dynatrace>
