<?xml version="1.0" encoding="UTF-8"?>
<!-- ATTENTION - THIS IS AN AUTOMATICALLY GENERATED FILE -->
<!-- Manual changes can cause severe problems and system instability -->
<!-- Apply manual changes only if you have received explicit instructions from Dynatrace Support -->
<dynatrace version="6.5.0.1289">
  <availabilitycenter memento.version="6.5.0.1289">
    <host hostname="tag00944955658" address="127.0.0.1" memorytotal="0" fqdn="tag00944955658">
      <hostproperties>
        <property value="4" key="runtime.logical.processors" />
        <property value="" key="container.type" />
        <property value="6.3.9600" key="os.version" />
        <property value="Windows 8.1" key="os.name" />
        <property value="not detected" key="host.cloud" />
        <property value="not detected" key="host.hypervisor" />
        <property value="2" key="runtime.processors" />
        <property value="x64" key="os.arch" />
      </hostproperties>
      <nics />
      <disks />
      <suds>
        <sud disconnected="1490062978072" wasconnected="true" name="dtwsagent" pid="2392">
          <agentinfo vmversion="unknown" techtype="16" subtechtype="" vmvendor="unknown" agenttype="master" startup="1488937138124" licenseflags="0" instrumentation="0" licenseok="true" systemprofile="easyTravel">
            <collectorinfo port="9998" name="Dynatrace Collector" host="tag00944955658" />
          </agentinfo>
        </sud>
      </suds>
      <dbagents />
    </host>
    <collectors>
      <collectorinfo restartpending="0" address="fwAAAQ==" fromcmdb="true" agentlistenconfigflags="0" connectedtimestamp="1488937148344" com.dynatrace.collector.agentlistenerinterfaces="[/127.0.0.1, /0:0:0:0:0:0:0:1, /fe80:0:0:0:8c69:1546:86ac:da6d%eth1, /10.0.0.54, /2601:240:ca01:a3fb:0:0:0:3c42, /2601:240:ca01:a3fb:dc1b:390:8496:80d3, /2601:240:ca01:a3fb:6d46:bb12:ab62:181f, /fe80:0:0:0:dc1b:390:8496:80d3%wlan0, /fe80:0:0:0:b8b3:c1a8:901:2f08%eth2, /fe80:0:0:0:d961:c7fb:c91a:c8f%wlan1, /fe80:0:0:0:5ccc:3552:8cdb:161f%eth3, /192.168.56.1, /fe80:0:0:0:85b9:d88f:7041:786c%eth4, /fe80:0:0:0:d0f:6e53:ff16:bb85%wlan2, /fe80:0:0:0:b0d3:7628:b0ba:ed76%eth5]" communicationporthttp="8042" istunnel="false" groupname="" version="6.5.0.1289" agentport="9998" islocal="false" name="Dynatrace Collector" host="tag00944955658" isconnected="false" communicationporthttps="8043" id="-1" communicationpath="/communication" isssl="true" compressionmode="15">
        <collectorstatus connected="connected" sync="synchron" agentlisten="established" />
        <detectedhostname detectedhostname="192.168.56.1" />
        <detectedhostname detectedhostname="10.0.0.54" />
      </collectorinfo>
      <collectorinfo restartpending="0" address="fwAAAQ==" fromcmdb="true" agentlistenconfigflags="0" connectedtimestamp="1488937140413" istunnel="false" groupname="" version="6.5.0.1289" agentport="0" islocal="true" name="dtang" host="tag00944955658.clients.dynatrace.org" isconnected="false" id="-1" isssl="false" compressionmode="0">
        <collectorstatus connected="connecting" sync="synchronizing" agentlisten="establishing" />
      </collectorinfo>
    </collectors>
  </availabilitycenter>
</dynatrace>
