<?xml version="1.0" encoding="UTF-8"?>
<!-- ATTENTION - THIS IS AN AUTOMATICALLY GENERATED FILE -->
<!-- Manual changes can cause severe problems and system instability -->
<!-- Apply manual changes only if you have received explicit instructions from Dynatrace Support -->
<dynatrace version="6.5.0.1289">
  <hostgroups>
    <hostgroup id="a5e3ac7c-37ef-4e4c-b6a0-f8cae3d43e93" name="Default" description="Default group for hosts not matching any other hostgroup definition." usepattern="false" isdefault="true" timeout="259200000" priority="0" minhosts="0" maxhosts="0" hostavailability="false">
      <patterns />
      <thresholds violations="13" samples="15">
        <cpu idle="1" load="80" system="15" loadactive="false" />
        <disk minfreeabsolute="1024" minfreepercentage="3" violations="1" samples="1" />
        <memory availableabsolute="1024" availablepercentage="10" pagefaultspersecond="20" />
        <network maxbandwidthutilization="90" />
      </thresholds>
      <processconfigs />
    </hostgroup>
  </hostgroups>
  <hosts>
    <host id="53056364-dfa7-4be6-a68f-444fa5189268" name="tag00944955658" description="Automatically added host of this Dynatrace Server instance." address="tag00944955658" site="17962df8-0e9e-4301-a3c9-9af508fb5839" hostgroup="a5e3ac7c-37ef-4e4c-b6a0-f8cae3d43e93" usethresholds="false" fqdn="" useprocessconfigs="false">
      <label id="DT_SERVER" />
      <label id="WINDOWS" />
      <label id="DT_COLLECTOR" />
      <processconfigs />
    </host>
  </hosts>
  <sites />
  <labels />
  <alerts />
  <exclusions>
    <exclusion id="d283cd4b-d166-11e4-8830-0800200c9a66" name="Exclusion of hsfs on (any)" mountpoint="*" handling="exclude" operatingsystem="(any)" filesystem="hsfs" hostgroup="0394b180-c89b-11e4-8830-0800200c9a66" label="a57f31a0-c89b-11e4-8830-0800200c9a66" exclusiontype="disk" systemprofile="(any)" />
    <exclusion id="d283cd47-d166-11e4-8830-0800200c9a66" name="Exclusion of /dev on Linux" mountpoint="/dev" handling="exclude" operatingsystem="linux" filesystem="(any)" hostgroup="0394b180-c89b-11e4-8830-0800200c9a66" label="a57f31a0-c89b-11e4-8830-0800200c9a66" exclusiontype="disk" systemprofile="(any)" />
    <exclusion id="d283cd45-d166-11e4-8830-0800200c9a66" name="Exclusion of cgroup on Linux" mountpoint="*" handling="exclude" operatingsystem="linux" filesystem="cgroup" hostgroup="0394b180-c89b-11e4-8830-0800200c9a66" label="a57f31a0-c89b-11e4-8830-0800200c9a66" exclusiontype="disk" systemprofile="(any)" />
    <exclusion id="d283cd49-d166-11e4-8830-0800200c9a66" name="Exclusion of udf on Linux" mountpoint="*" handling="exclude" operatingsystem="linux" filesystem="udf" hostgroup="0394b180-c89b-11e4-8830-0800200c9a66" label="a57f31a0-c89b-11e4-8830-0800200c9a66" exclusiontype="disk" systemprofile="(any)" />
    <exclusion id="d283cd42-d166-11e4-8830-0800200c9a66" name="Inclusion of /run on Linux" mountpoint="/run" handling="include" operatingsystem="linux" filesystem="(any)" hostgroup="0394b180-c89b-11e4-8830-0800200c9a66" label="a57f31a0-c89b-11e4-8830-0800200c9a66" exclusiontype="disk" systemprofile="(any)" />
    <exclusion id="d283cd40-d166-11e4-8830-0800200c9a66" name="Inclusion of /tmp on Linux" mountpoint="/tmp" handling="include" operatingsystem="linux" filesystem="(any)" hostgroup="0394b180-c89b-11e4-8830-0800200c9a66" label="a57f31a0-c89b-11e4-8830-0800200c9a66" exclusiontype="disk" systemprofile="(any)" />
    <exclusion id="d283cd46-d166-11e4-8830-0800200c9a66" name="Exclusion of debugfs on Linux" mountpoint="*" handling="exclude" operatingsystem="linux" filesystem="debugfs" hostgroup="0394b180-c89b-11e4-8830-0800200c9a66" label="a57f31a0-c89b-11e4-8830-0800200c9a66" exclusiontype="disk" systemprofile="(any)" />
    <exclusion id="d283cd4c-d166-11e4-8830-0800200c9a66" name="Exclusion of mac on Solaris" mountpoint="mac" handling="exclude" operatingsystem="solaris" filesystem="(any)" hostgroup="0394b180-c89b-11e4-8830-0800200c9a66" label="a57f31a0-c89b-11e4-8830-0800200c9a66" exclusiontype="nic" systemprofile="(any)" />
    <exclusion id="d283cd44-d166-11e4-8830-0800200c9a66" name="Exclusion of tmpfs on Linux" mountpoint="*" handling="exclude" operatingsystem="linux" filesystem="tmpfs" hostgroup="0394b180-c89b-11e4-8830-0800200c9a66" label="a57f31a0-c89b-11e4-8830-0800200c9a66" exclusiontype="disk" systemprofile="(any)" />
    <exclusion id="d283cd4a-d166-11e4-8830-0800200c9a66" name="Exclusion of cdrfs on AIX" mountpoint="*" handling="exclude" operatingsystem="aix" filesystem="cdrfs" hostgroup="0394b180-c89b-11e4-8830-0800200c9a66" label="a57f31a0-c89b-11e4-8830-0800200c9a66" exclusiontype="disk" systemprofile="(any)" />
    <exclusion id="d283cd48-d166-11e4-8830-0800200c9a66" name="Exclusion of iso9660 on Linux" mountpoint="*" handling="exclude" operatingsystem="linux" filesystem="iso9660" hostgroup="0394b180-c89b-11e4-8830-0800200c9a66" label="a57f31a0-c89b-11e4-8830-0800200c9a66" exclusiontype="disk" systemprofile="(any)" />
    <exclusion id="d283cd43-d166-11e4-8830-0800200c9a66" name="Inclusion of /var/run on Linux" mountpoint="/var/run" handling="include" operatingsystem="linux" filesystem="(any)" hostgroup="0394b180-c89b-11e4-8830-0800200c9a66" label="a57f31a0-c89b-11e4-8830-0800200c9a66" exclusiontype="disk" systemprofile="(any)" />
    <exclusion id="d283cd41-d166-11e4-8830-0800200c9a66" name="Inclusion of /var/tmp on Linux" mountpoint="/var/tmp" handling="include" operatingsystem="linux" filesystem="(any)" hostgroup="0394b180-c89b-11e4-8830-0800200c9a66" label="a57f31a0-c89b-11e4-8830-0800200c9a66" exclusiontype="disk" systemprofile="(any)" />
  </exclusions>
</dynatrace>
