<?xml version="1.0" encoding="UTF-8"?>
<!-- ATTENTION - THIS IS AN AUTOMATICALLY GENERATED FILE -->
<!-- Manual changes can cause severe problems and system instability -->
<!-- Apply manual changes only if you have received explicit instructions from Dynatrace Support -->
<dynatrace version="6.5.0.1289">
  <securitycontext>
    <roles>
      <role name="Administrator" description="Administrator User Role">
        <permissions>
          <permission id="AllPermissions" />
        </permissions>
      </role>
      <role name="PowerUser" description="PowerUser User Role">
        <permissions>
          <permission id="com.dynatrace.diagnostics.server.shared.analyzer:com.dynatrace.diagnostics.eue.error.analyzer.EndUserErrorDetailsAnalyzer" />
          <permission id="ReadChartData" />
          <permission id="SearchPurePaths" />
          <permission id="SessionRecording" />
          <permission id="TestBundle" />
          <permission id="AnalyzeHeap" />
          <permission id="ShowInfrastructure" />
          <permission id="AnalyzePurePath" />
          <permission id="CreateMemoryDump" />
          <permission id="AnalyzeMemoryDump" />
          <permission id="AnalyzeSample" />
          <permission id="CreateDashboard" />
          <permission id="DecompileSourceCode" />
          <permission id="com.dynatrace.diagnostics.server.shared.analyzer:com.dynatrace.diagnostics.eue.action.analyzer.EndUserWebRequestAnalyzer" />
          <permission id="ExportStoredSession" />
          <permission id="AnalyzeThreadDump" />
          <permission id="ActivateApplicationProfile" />
          <permission id="ManageIncident" />
          <permission id="com.dynatrace.diagnostics.ci.deleteTestCase" />
          <permission id="com.dynatrace.diagnostics.server.shared.analyzer:com.dynatrace.diagnostics.eue.error.analyzer.EndUserErrorAnalyzer" />
          <permission id="ExportStoredSessionSystemProfile" />
          <permission id="DeleteStoredSession" />
          <permission id="CreateSample" />
          <permission id="WriteMonitorConfig" />
          <permission id="AnalyzeLogging" />
          <permission id="ShowDatabaseMonitoring" />
          <permission id="com.dynatrace.diagnostics.server.shared.analyzer:com.dynatrace.diagnostics.sdviewer.SequenceDiagramAnalyzer" />
          <permission id="AnalyzeIncident" />
          <permission id="AnalyzeJms" />
          <permission id="AnalyzeResponseTimeHotspots" />
          <permission id="AccessWebUI" />
          <permission id="AnalyzeApi" />
          <permission id="com.dynatrace.diagnostics.server.shared.analyzer:com.dynatrace.diagnostics.eue.action.analyzer.EndUserActionAnalyzer" />
          <permission id="CreateThreadDump" />
          <permission id="WriteScheduler" />
          <permission id="com.dynatrace.diagnostics.ci.removeObsolete" />
          <permission id="AnalyzeAgentBreakdown" />
          <permission id="AnalyzeRemoting" />
          <permission id="ExportApplicationSession" />
          <permission id="ExportApplicationSystemProfile" />
          <permission id="ReAnalyzeSession" />
          <permission id="WriteTransactionConfig" />
          <permission id="AnalyzeSystem" />
          <permission id="AnalyzeSuspension" />
          <permission id="AnalyzeMethod" />
          <permission id="AnalyzeWebrequest" />
          <permission id="ChangeUserPassword" />
          <permission id="ReadStoredSession" />
          <permission id="com.dynatrace.diagnostics.ci.acceptChange" />
          <permission id="AnalyzeTransaction" />
          <permission id="AnalyzeException" />
          <permission id="GenerateReports" />
          <permission id="AnalyzeWebpage" />
          <permission id="com.dynatrace.diagnostics.ci.changeAssignment" />
          <permission id="AnalyzeJndi" />
          <permission id="AnalyzeGUIControls" />
          <permission id="com.dynatrace.diagnostics.server.shared.analyzer:com.dynatrace.diagnostics.eue.visit.analyzer.VisitAnalyzer" />
          <permission id="ImportStoredSession" />
          <permission id="com.dynatrace.diagnostics.ci.markAsFailed" />
          <permission id="ManagePluginBundles" />
          <permission id="ReadScheduler" />
          <permission id="ViewSystemInfo" />
          <permission id="AnalyzeDatabaseSatements" />
          <permission id="MethodHotspotsPerformance" />
          <permission id="DeleteApplicationSession" />
          <permission id="ManagePlugingDefaultConfigs" />
          <permission id="DeleteResourceDump" />
          <permission id="WriteApplicationConfig" />
          <permission id="AnalyzeAggregatedPurePath" />
          <permission id="CreateApplicationConfig" />
          <permission id="AnalyzeWebservice" />
          <permission id="com.dynatrace.diagnostics.server.shared.analyzer:com.dynatrace.diagnostics.eue.purepath.analyzer.EndUserPurePathAnalyzer" />
          <permission id="ReadConfidentialStrings" />
          <permission id="WebServiceAccess" />
          <permission id="AnalyzeEjb" />
          <permission id="HotUpdateAgent" />
          <permission id="AnalyzeDatabase" />
          <permission id="RenameSession" />
          <permission id="com.dynatrace.diagnostics.server.shared.analyzer:com.dynatrace.diagnostics.adm.ADMAnalyzer" />
          <permission id="WriteIncidentConfig" />
          <permission id="ExportResourceDump" />
          <permission id="WriteSensorPacks" />
          <permission id="StoreApplicationSession" />
          <permission id="FindNodes" />
          <permission id="WriteDatabaseMonitoringConfig" />
          <permission id="EditStoredSession" />
        </permissions>
      </role>
      <role name="User" description="Standard User Role">
        <permissions>
          <permission id="com.dynatrace.diagnostics.server.shared.analyzer:com.dynatrace.diagnostics.eue.error.analyzer.EndUserErrorDetailsAnalyzer" />
          <permission id="ReadChartData" />
          <permission id="SearchPurePaths" />
          <permission id="AnalyzeHeap" />
          <permission id="ShowInfrastructure" />
          <permission id="AnalyzePurePath" />
          <permission id="AnalyzeMemoryDump" />
          <permission id="AnalyzeSample" />
          <permission id="CreateDashboard" />
          <permission id="com.dynatrace.diagnostics.server.shared.analyzer:com.dynatrace.diagnostics.eue.action.analyzer.EndUserWebRequestAnalyzer" />
          <permission id="ExportStoredSession" />
          <permission id="AnalyzeThreadDump" />
          <permission id="com.dynatrace.diagnostics.ci.deleteTestCase" />
          <permission id="com.dynatrace.diagnostics.server.shared.analyzer:com.dynatrace.diagnostics.eue.error.analyzer.EndUserErrorAnalyzer" />
          <permission id="ExportStoredSessionSystemProfile" />
          <permission id="DeleteStoredSession" />
          <permission id="AnalyzeLogging" />
          <permission id="ShowDatabaseMonitoring" />
          <permission id="com.dynatrace.diagnostics.server.shared.analyzer:com.dynatrace.diagnostics.sdviewer.SequenceDiagramAnalyzer" />
          <permission id="AnalyzeIncident" />
          <permission id="AnalyzeJms" />
          <permission id="AnalyzeResponseTimeHotspots" />
          <permission id="AccessWebUI" />
          <permission id="AnalyzeApi" />
          <permission id="com.dynatrace.diagnostics.server.shared.analyzer:com.dynatrace.diagnostics.eue.action.analyzer.EndUserActionAnalyzer" />
          <permission id="com.dynatrace.diagnostics.ci.removeObsolete" />
          <permission id="AnalyzeAgentBreakdown" />
          <permission id="AnalyzeRemoting" />
          <permission id="ExportApplicationSession" />
          <permission id="ExportApplicationSystemProfile" />
          <permission id="ReAnalyzeSession" />
          <permission id="AnalyzeSystem" />
          <permission id="AnalyzeSuspension" />
          <permission id="AnalyzeMethod" />
          <permission id="AnalyzeWebrequest" />
          <permission id="ChangeUserPassword" />
          <permission id="ReadStoredSession" />
          <permission id="com.dynatrace.diagnostics.ci.acceptChange" />
          <permission id="AnalyzeTransaction" />
          <permission id="AnalyzeException" />
          <permission id="GenerateReports" />
          <permission id="AnalyzeWebpage" />
          <permission id="com.dynatrace.diagnostics.ci.changeAssignment" />
          <permission id="AnalyzeJndi" />
          <permission id="AnalyzeGUIControls" />
          <permission id="com.dynatrace.diagnostics.server.shared.analyzer:com.dynatrace.diagnostics.eue.visit.analyzer.VisitAnalyzer" />
          <permission id="ImportStoredSession" />
          <permission id="com.dynatrace.diagnostics.ci.markAsFailed" />
          <permission id="ReadScheduler" />
          <permission id="ViewSystemInfo" />
          <permission id="AnalyzeDatabaseSatements" />
          <permission id="MethodHotspotsPerformance" />
          <permission id="DeleteResourceDump" />
          <permission id="AnalyzeAggregatedPurePath" />
          <permission id="AnalyzeWebservice" />
          <permission id="com.dynatrace.diagnostics.server.shared.analyzer:com.dynatrace.diagnostics.eue.purepath.analyzer.EndUserPurePathAnalyzer" />
          <permission id="ReadConfidentialStrings" />
          <permission id="WebServiceAccess" />
          <permission id="AnalyzeEjb" />
          <permission id="AnalyzeDatabase" />
          <permission id="RenameSession" />
          <permission id="com.dynatrace.diagnostics.server.shared.analyzer:com.dynatrace.diagnostics.adm.ADMAnalyzer" />
          <permission id="ExportResourceDump" />
          <permission id="FindNodes" />
          <permission id="EditStoredSession" />
        </permissions>
      </role>
      <role name="Guest" description="Guest User Role">
        <permissions>
          <permission id="AnalyzeSystem" />
          <permission id="AnalyzeSuspension" />
          <permission id="ReadChartData" />
          <permission id="AnalyzeHeap" />
          <permission id="ShowInfrastructure" />
          <permission id="AnalyzeMethod" />
          <permission id="AnalyzeWebrequest" />
          <permission id="ChangeUserPassword" />
          <permission id="AnalyzePurePath" />
          <permission id="AnalyzeTransaction" />
          <permission id="AnalyzeException" />
          <permission id="AnalyzeWebpage" />
          <permission id="AnalyzeJndi" />
          <permission id="AnalyzeGUIControls" />
          <permission id="com.dynatrace.diagnostics.server.shared.analyzer:com.dynatrace.diagnostics.eue.visit.analyzer.VisitAnalyzer" />
          <permission id="com.dynatrace.diagnostics.server.shared.analyzer:com.dynatrace.diagnostics.eue.error.analyzer.EndUserErrorAnalyzer" />
          <permission id="AnalyzeDatabaseSatements" />
          <permission id="AnalyzeLogging" />
          <permission id="MethodHotspotsPerformance" />
          <permission id="ShowDatabaseMonitoring" />
          <permission id="com.dynatrace.diagnostics.server.shared.analyzer:com.dynatrace.diagnostics.sdviewer.SequenceDiagramAnalyzer" />
          <permission id="AnalyzeIncident" />
          <permission id="AnalyzeJms" />
          <permission id="AnalyzeAggregatedPurePath" />
          <permission id="AnalyzeResponseTimeHotspots" />
          <permission id="AnalyzeWebservice" />
          <permission id="com.dynatrace.diagnostics.server.shared.analyzer:com.dynatrace.diagnostics.eue.purepath.analyzer.EndUserPurePathAnalyzer" />
          <permission id="AccessWebUI" />
          <permission id="AnalyzeApi" />
          <permission id="com.dynatrace.diagnostics.server.shared.analyzer:com.dynatrace.diagnostics.eue.action.analyzer.EndUserActionAnalyzer" />
          <permission id="AnalyzeEjb" />
          <permission id="AnalyzeDatabase" />
          <permission id="com.dynatrace.diagnostics.server.shared.analyzer:com.dynatrace.diagnostics.adm.ADMAnalyzer" />
          <permission id="AnalyzeAgentBreakdown" />
          <permission id="AnalyzeRemoting" />
          <permission id="FindNodes" />
        </permissions>
      </role>
      <role name="No Permission" description="User Role with no Permissions" />
    </roles>
    <users />
    <groups />
    <authentication>
      <ldap tested="false" bindpwd="" userid="sAMAccountName" objectclass="group" enabled="false" usessl="false" binddn="" groupdesc="description" port="389" trusted="false" host="" memberof="memberOf" basedn="DC=&lt;company&gt;,DC=local" username="name" useremail="mail" />
    </authentication>
    <pwdcomplexity uppercase="0" minlength="5" lowercase="0" specialchars="0" digits="0" />
  </securitycontext>
</dynatrace>
