<?xml version="1.0" encoding="UTF-8"?>
<!-- ATTENTION - THIS IS AN AUTOMATICALLY GENERATED FILE -->
<!-- Manual changes can cause severe problems and system instability -->
<!-- Apply manual changes only if you have received explicit instructions from Dynatrace Support -->
<dynatrace version="6.5.0.1289">
  <collectorconfig memento.version="6.5.0.1289" proxyport="8080" proxyusername="" compress="true" communicationssl="true" useproxy="false" useproxyauthentication="false" groupname="" serveraddress="localhost" communicationport="8041" usepreemtiveproxyauth="true" selfmoncollector="false" watchdogtimeout="10" serverport="6699" usetunnel="false" name="Dynatrace Collector" authstring="" embedded="false" tunnel="http://localhost:8033/tunnel" proxyhost="">
    <agentlistenaddressconfig>
      <listenaddress agentaddress="" agentport="9998" />
    </agentlistenaddressconfig>
    <loggingconfig path="../log/collector/Dynatrace Collector" console="INFO" maxfiles="5" correlationmaxfiles="2" maxbytes="10485760" correlationmaxbytes="31457280" html="false" append="true" />
    <buffers agentbuffersize="32768" />
    <protocoldumps maxnumberdumps="100" />
    <plugins>
      <loggingconfig path="../log/collector/Dynatrace Collector" console="WARNING" maxfiles="5" correlationmaxfiles="2" maxbytes="10485760" correlationmaxbytes="31457280" html="false" append="true" />
    </plugins>
    <collectorserversharedconfig automaticagentupdate="true">
      <ipheaders>
        <header header="rproxy_remote_address" />
        <header header="True-Client-IP" />
        <header header="X-Client-Ip" />
        <header header="X-Forwarded-For" />
        <header header="X-Http-Client-Ip" />
      </ipheaders>
      <hostheaders>
        <header header="X-Forwarded-Host" />
        <header header="X-Host" />
        <header header="Host" />
      </hostheaders>
      <dbagentsconfig />
    </collectorserversharedconfig>
    <dtang>
      <section name="com.compuware.apm.webserver">
        <property value="no" key="communication-content-encoding" />
        <property value="gzip" key="communication-request-encoding" />
        <property value="8042" key="port" />
        <property value="communication" key="communication-alias" />
        <property value="8043" key="port-ssl" />
        <property value="true" key="enable-separate-threadpool" />
      </section>
      <section name="connectivity">
        <property value="0.0.0.0" key="bindToNetworkInterface" />
      </section>
      <section name="http.client">
        <property value="no" key="hostname-verification" />
      </section>
    </dtang>
  </collectorconfig>
</dynatrace>
