<?xml version="1.0" encoding="UTF-8"?>
<!-- ATTENTION - THIS IS AN AUTOMATICALLY GENERATED FILE -->
<!-- Manual changes can cause severe problems and system instability -->
<!-- Apply manual changes only if you have received explicit instructions from Dynatrace Support -->
<dynatrace version="6.5.0.1289" date="3/20/17 9:27 PM">
  <dashboardconfig memento.version="6.5.0.1289" suppresssavewarning="false" created="2017-02-27T13:00:52-0600" sessiontype="live" icon="com.dynatrace.diagnostics.sdk/default_16x16.png" description="" modifiedbyname="" locationascomparesource="false" source="server://tag00944955658" sessionid="easyTravel" opendrilldowninnewdashboard="false" groupname="" autoreplacesession="false" revision="0000015a-862a-380f-9af7-4b4d49f260d8" locationassource="false" localizationenabled="false" name="appoverview.config.xml" authorname="arnaud.crowther" modified="2017-02-28T13:19:58-0600" id="b4827134-14ce-47f4-8f29-53f6bdb26b64">
    <reportconfig print.images="true" formatpdf="com.dynatrace.diagnostics.report.velocity.format.pdfrenderer" orientation="portrait" description="" title="" type="PDF" enabled="true" formathtml="com.dynatrace.diagnostics.report.velocity.format.htmlrenderer" lines.per.table="100" pagesize="A4" override="false" optimizeequalcolumns="true" print.legends="true" levels.per.tree="10" />
    <filter>
      <criterion type="admfilteranalyzer" />
      <criterion mode="all" type="agents" completepurepath="true">
        <textpattern name="agentname" type="contains" enabled="true" />
        <textpattern name="agenthost" type="contains" enabled="true" />
      </criterion>
      <criterion type="and" />
      <criterion mode="all" excludeexternalsubpaths="false" type="api" />
      <criterion mode="all" type="applications" />
      <criterion type="btm" />
      <criterion type="casuemdimension" />
      <criterion type="dbdetails" />
      <criterion intervalend="0" intervalstart="0" type="dcrumdimension" filterinterval="false" />
      <criterion analyzeserverpath="true" analyzeclienterrors="false" isactive="true" analyzeenduserpath="true" type="enduserpath" />
      <criterion mode="all" type="hosts" completepurepath="true" />
      <criterion severitiesmode="all" statesmode="all" type="incident" rulesmode="all" severities="" states="" />
      <criterion type="or" />
      <criterion mode="all" enduser="false" type="purepaths" />
      <criterion includemeasurename="true" includeplatform="true" includetestname="true" teststatus="FAILED,INVALIDATED,VOLATILE,DEGRADED,IMPROVED,MISSING,passed" type="tests" testcategory="UNIT,BROWSER_TIMER,BROWSER_AUTO_TIMER,PERFORMANCE,LOAD,WEB_API,EXTERNAL" />
      <criterion includeplatform="true" type="testsoverview" />
      <criterion type="threads" enabled="false" filterbyid="false" />
      <criterion type="timeframe">
        <timeframe type="Last 30min" />
      </criterion>
      <criterion useendtimefortimeframefilter="false" type="visits">
        <visitidset />
      </criterion>
      <criterion type="webpage">
        <textpattern name="timerName" type="contains" enabled="true" />
        <textpattern name="pageContext" type="contains" enabled="true" />
      </criterion>
      <criterion type="webrequest">
        <filteruripattern>
          <stringmatchpattern match="contains" text="" />
        </filteruripattern>
        <filterquerypattern>
          <stringmatchpattern match="contains" text="" />
        </filterquerypattern>
      </criterion>
    </filter>
    <autorefreshconfig unit="MINUTES" time="5" enabled="false" />
    <designconfig autoscroll="false" namefontsize="10" descriptionshow="true" headertype="HEADLESS" nameshow="true" descriptionfontstyle="NORMAL" namealignment="CENTER" namefontstyle="BOLD" descriptionfontsize="8" clienttheme="DEFAULT" descriptionfontcolor="128,128,128" descriptionalignment="CENTER" autoadjustfontsizes="false" />
    <dashboardlayout>
      <portletfolder selectionindex="1" relationtype="LEFT" portletconfigorder="cb130ee0-3054-4164-8789-e70c843741e2, ac528d21-c82b-4d49-b6ce-cf721b826ce5" folderid="b811e1fd-9be2-4a54-964d-316b07f9c6a9" relatedfolderid="DashboardLayout.blankArea" ratio="0.95">
        <designconfig namefontsize="10" descriptionshow="true" headertype="DEFAULT" nameshow="true" descriptionfontstyle="NORMAL" namealignment="CENTER" namefontstyle="BOLD" descriptionfontsize="8" inherited="true" descriptionfontcolor="128,128,128" descriptionalignment="CENTER" />
      </portletfolder>
    </dashboardlayout>
    <portletconfig usedashboardsourceforcompare="true" redirectdashboardid="e915726f-bbf0-4253-bd8f-97b1e5d03e3b" usespecificautorefresh="false" sessiontype="live" icon="com.dynatrace.diagnostics.sdk/default_16x16.png" description="" locationascomparesource="false" source="server://tag00944955658" sessionid="easyTravel" usedashboardsource="false" folderid="b811e1fd-9be2-4a54-964d-316b07f9c6a9" locationassource="false" addfilterinfo="false" name="Mobile Apps" ismaster="false" typeid="com.dynatrace.diagnostics.portlets.redirect.Redirect" id="ac528d21-c82b-4d49-b6ce-cf721b826ce5">
      <reportconfig print.images="true" lines.per.table="100" override="false" optimizeequalcolumns="true" print.legends="true" reportposition="2" enabled="true" levels.per.tree="10" />
      <filter>
        <inheritancemap />
      </filter>
      <autorefreshconfig unit="MINUTES" time="5" enabled="false" />
      <sashconfig displayoption="CHART_AND_TABLE" weights="1,1" />
    </portletconfig>
    <portletconfig usedashboardsourceforcompare="true" usespecificautorefresh="true" sessiontype="live" icon="com.dynatrace.diagnostics.sdk/default_16x16.png" description="" locationascomparesource="false" source="server://tag00944955658" sessionid="easyTravel" usedashboardsource="true" folderid="b811e1fd-9be2-4a54-964d-316b07f9c6a9" locationassource="false" addfilterinfo="false" name="Entry Screen" ismaster="false" typeid="com.dynatrace.diagnostics.portlets.EntryScreen" id="cb130ee0-3054-4164-8789-e70c843741e2" displaymode="Base">
      <reportconfig print.images="true" lines.per.table="100" override="false" optimizeequalcolumns="true" print.legends="true" reportposition="1" enabled="true" levels.per.tree="10" />
      <filter>
        <criterion mode="all" type="agents" completepurepath="true">
          <textpattern name="agentname" type="contains" enabled="true" />
          <textpattern name="agenthost" type="contains" enabled="true" />
        </criterion>
        <criterion mode="INACTIVE" type="analysiscache" />
        <criterion type="and" />
        <criterion mode="all" excludeexternalsubpaths="false" type="api" />
        <criterion mode="all" type="applications" />
        <criterion type="btm" />
        <criterion type="casuemdimension" />
        <criterion type="dbdetails" />
        <criterion intervalend="0" intervalstart="0" type="dcrumdimension" filterinterval="false" />
        <criterion mode="all" type="hosts" completepurepath="true" />
        <criterion type="or" />
        <criterion mode="all" enduser="false" type="purepaths" />
        <criterion type="threads" enabled="false" filterbyid="false" />
        <criterion type="timeframe">
          <timeframe type="Last 30min" />
        </criterion>
        <criterion useendtimefortimeframefilter="false" type="visits">
          <visitidset />
        </criterion>
        <criterion type="webpage">
          <textpattern name="timerName" type="contains" enabled="true" />
          <textpattern name="pageContext" type="contains" enabled="true" />
        </criterion>
        <criterion type="webrequest">
          <filteruripattern>
            <stringmatchpattern match="contains" text="" />
          </filteruripattern>
          <filterquerypattern>
            <stringmatchpattern match="contains" text="" />
          </filterquerypattern>
        </criterion>
        <inheritancemap />
      </filter>
      <autorefreshconfig unit="MINUTES" time="1" enabled="true" />
      <sashconfig displayoption="CHART_AND_TABLE" weights="1,1" />
    </portletconfig>
  </dashboardconfig>
</dynatrace>
